-- Adminer 4.8.1 PostgreSQL 17.2 (Debian 17.2-1.pgdg120+1) dump

DROP TABLE IF EXISTS "basket_items";
DROP SEQUENCE IF EXISTS basket_items_id_seq;
CREATE SEQUENCE basket_items_id_seq INCREMENT 1 MINVALUE 100 MAXVALUE 2147483647 CACHE 1;

CREATE TABLE "public"."basket_items" (
    "id" integer DEFAULT nextval('basket_items_id_seq') NOT NULL,
    "user_id" integer NOT NULL,
    "product_variant_id" integer NOT NULL,
    "quantity" integer DEFAULT '1' NOT NULL,
    "created_at" timestamp DEFAULT now(),
    "updated_at" timestamp DEFAULT now(),
    CONSTRAINT "basket_items_pkey" PRIMARY KEY ("id")
) WITH (oids = false);

INSERT INTO "basket_items" ("id", "user_id", "product_variant_id", "quantity", "created_at", "updated_at") VALUES
(15,	1,	6,	1,	'2025-03-14 11:59:40.002976',	'2025-03-14 11:59:40.002976');

DROP TABLE IF EXISTS "categories";
DROP SEQUENCE IF EXISTS categories_id_seq;
CREATE SEQUENCE categories_id_seq INCREMENT 1 MINVALUE 100 MAXVALUE 2147483647 CACHE 1;

CREATE TABLE "public"."categories" (
    "id" integer DEFAULT nextval('categories_id_seq') NOT NULL,
    "name" text NOT NULL,
    "description" text,
    CONSTRAINT "categories_pkey" PRIMARY KEY ("id")
) WITH (oids = false);

INSERT INTO "categories" ("id", "name", "description") VALUES
(1,	'Electronics',	'Devices, gadgets, and accessories such as phones, computers, and cameras'),
(5,	'Books',	'Printed books, e-books, and audiobooks across all genres'),
(4,	'Sports & Outdoors',	'Gear and accessories for outdoor activities, fitness, and sports'),
(3,	'Home & Kitchen',	'Furniture, appliances, and tools for home improvement and kitchen essentials'),
(2,	'Clothing',	'Apparel for men, women, and children, including shirts, pants, dresses, and more');

DROP TABLE IF EXISTS "conversation_messages";
DROP SEQUENCE IF EXISTS conversation_messages_id_seq;
CREATE SEQUENCE conversation_messages_id_seq INCREMENT 1 MINVALUE 100 MAXVALUE 2147483647 CACHE 1;

CREATE TABLE "public"."conversation_messages" (
    "id" integer DEFAULT nextval('conversation_messages_id_seq') NOT NULL,
    "conversation_id" integer NOT NULL,
    "sender_id" integer NOT NULL,
    "content" text NOT NULL,
    "created_at" timestamp DEFAULT now() NOT NULL,
    "read_at" timestamp,
    "status" character varying(50) DEFAULT 'unread',
    CONSTRAINT "conversation_messages_pkey" PRIMARY KEY ("id")
) WITH (oids = false);

INSERT INTO "conversation_messages" ("id", "conversation_id", "sender_id", "content", "created_at", "read_at", "status") VALUES
(137,	110,	2,	'Initiated new issue regarding order number #106',	'2025-06-03 12:16:27.49523',	NULL,	'unread'),
(138,	110,	3,	'hello i have an issue',	'2025-06-03 12:16:57.134147',	NULL,	'unread'),
(139,	110,	3,	'a really big issue',	'2025-06-03 12:23:01.636135',	NULL,	'unread'),
(144,	111,	2,	'Initiated new issue regarding order number #107',	'2025-06-03 13:53:15.355388',	NULL,	'unread'),
(145,	111,	3,	'Hello i have an issue',	'2025-06-03 13:53:27.516071',	NULL,	'unread'),
(146,	111,	2,	'reeally ?',	'2025-06-03 13:54:28.875354',	NULL,	'unread'),
(147,	111,	3,	'supa',	'2025-06-03 13:54:40.232186',	NULL,	'unread'),
(148,	111,	2,	'ano',	'2025-06-03 13:55:52.5285',	NULL,	'unread'),
(149,	111,	3,	'ha',	'2025-06-03 14:12:33.570402',	NULL,	'unread'),
(150,	111,	3,	'da',	'2025-06-03 14:12:34.310983',	NULL,	'unread'),
(151,	111,	3,	'sda',	'2025-06-03 14:12:35.093956',	NULL,	'unread'),
(152,	111,	3,	'sa',	'2025-06-03 14:12:36.045733',	NULL,	'unread'),
(153,	111,	3,	'hello',	'2025-06-03 14:14:51.593495',	NULL,	'unread'),
(154,	111,	3,	'jupi',	'2025-06-03 14:16:20.298209',	NULL,	'unread'),
(155,	111,	3,	'daj',	'2025-06-03 14:17:19.073005',	NULL,	'unread'),
(156,	111,	3,	'nove',	'2025-06-03 14:17:40.875389',	NULL,	'unread'),
(158,	111,	2,	'hello',	'2025-06-03 14:19:03.409066',	NULL,	'unread');

DROP TABLE IF EXISTS "conversations";
DROP SEQUENCE IF EXISTS conversations_id_seq;
CREATE SEQUENCE conversations_id_seq INCREMENT 1 MINVALUE 100 MAXVALUE 2147483647 CACHE 1;

CREATE TABLE "public"."conversations" (
    "id" integer DEFAULT nextval('conversations_id_seq') NOT NULL,
    "name" character varying(255) DEFAULT 'Unnamed conversation' NOT NULL,
    "order_id" integer NOT NULL,
    "created_at" timestamp DEFAULT now(),
    CONSTRAINT "conversations_pkey" PRIMARY KEY ("id")
) WITH (oids = false);

INSERT INTO "conversations" ("id", "name", "order_id", "created_at") VALUES
(110,	'#106',	106,	'2025-06-03 12:16:27.483231'),
(111,	'#107',	107,	'2025-06-03 13:53:15.345866');

DROP TABLE IF EXISTS "conversations_users";
DROP SEQUENCE IF EXISTS conversations_users_id_seq;
CREATE SEQUENCE conversations_users_id_seq INCREMENT 1 MINVALUE 100 MAXVALUE 2147483647 CACHE 1;

CREATE TABLE "public"."conversations_users" (
    "id" integer DEFAULT nextval('conversations_users_id_seq') NOT NULL,
    "conversation_id" integer NOT NULL,
    "user_id" integer NOT NULL,
    CONSTRAINT "conversations_users_pkey" PRIMARY KEY ("id")
) WITH (oids = false);

INSERT INTO "conversations_users" ("id", "conversation_id", "user_id") VALUES
(116,	110,	3),
(117,	110,	2),
(118,	111,	3),
(119,	111,	2);

DROP TABLE IF EXISTS "favourite_items";
DROP SEQUENCE IF EXISTS favourite_items_id_seq;
CREATE SEQUENCE favourite_items_id_seq INCREMENT 1 MINVALUE 100 MAXVALUE 2147483647 CACHE 1;

CREATE TABLE "public"."favourite_items" (
    "id" integer DEFAULT nextval('favourite_items_id_seq') NOT NULL,
    "user_id" integer NOT NULL,
    "product_id" integer NOT NULL,
    "created_at" timestamp DEFAULT now(),
    "updated_at" timestamp DEFAULT now(),
    CONSTRAINT "favourite_items_pkey" PRIMARY KEY ("id")
) WITH (oids = false);

INSERT INTO "favourite_items" ("id", "user_id", "product_id", "created_at", "updated_at") VALUES
(146,	2,	2,	'2025-05-10 19:58:18.433822',	'2025-05-10 19:58:18.433822'),
(153,	2,	103,	'2025-05-24 15:28:31.175266',	'2025-05-24 15:28:31.175266'),
(154,	2,	3,	'2025-05-24 20:06:54.253351',	'2025-05-24 20:06:54.253351'),
(169,	3,	1,	'2025-06-03 13:50:59.405708',	'2025-06-03 13:50:59.405708'),
(170,	3,	104,	'2025-06-03 13:51:00.260486',	'2025-06-03 13:51:00.260486');

DROP TABLE IF EXISTS "order_items";
DROP SEQUENCE IF EXISTS order_items_id_seq;
CREATE SEQUENCE order_items_id_seq INCREMENT 1 MINVALUE 100 MAXVALUE 2147483647 CACHE 1;

CREATE TABLE "public"."order_items" (
    "id" integer DEFAULT nextval('order_items_id_seq') NOT NULL,
    "order_id" integer NOT NULL,
    "product_variant_id" integer NOT NULL,
    "quantity" integer DEFAULT '1' NOT NULL,
    "created_at" timestamp DEFAULT CURRENT_TIMESTAMP,
    CONSTRAINT "order_items_pkey" PRIMARY KEY ("id")
) WITH (oids = false);

INSERT INTO "order_items" ("id", "order_id", "product_variant_id", "quantity", "created_at") VALUES
(114,	105,	1,	1,	'2025-06-03 12:09:59.690492'),
(115,	106,	102,	3,	'2025-06-03 12:15:26.572125'),
(116,	107,	4,	3,	'2025-06-03 13:52:38.811668');

DROP TABLE IF EXISTS "orders";
DROP SEQUENCE IF EXISTS orders_id_seq;
CREATE SEQUENCE orders_id_seq INCREMENT 1 MINVALUE 100 MAXVALUE 2147483647 CACHE 1;

CREATE TABLE "public"."orders" (
    "id" integer DEFAULT nextval('orders_id_seq') NOT NULL,
    "user_id" integer NOT NULL,
    "status" character varying(50) DEFAULT 'pending' NOT NULL,
    "total_price" integer NOT NULL,
    "created_at" timestamp DEFAULT CURRENT_TIMESTAMP,
    "updated_at" timestamp DEFAULT CURRENT_TIMESTAMP,
    "shipping_id" integer DEFAULT '1' NOT NULL,
    CONSTRAINT "orders_pkey" PRIMARY KEY ("id")
) WITH (oids = false);

INSERT INTO "orders" ("id", "user_id", "status", "total_price", "created_at", "updated_at", "shipping_id") VALUES
(106,	3,	'issue',	1650,	'2025-06-03 12:15:26.568463',	'2025-06-03 12:15:26.568463',	22),
(105,	3,	'done',	2000,	'2025-06-03 12:09:59.686574',	'2025-06-03 12:09:59.686574',	21),
(107,	3,	'issue',	6000,	'2025-06-03 13:52:38.807811',	'2025-06-03 13:52:38.807811',	23);

DROP TABLE IF EXISTS "product_categories";
CREATE TABLE "public"."product_categories" (
    "product_id" integer NOT NULL,
    "category_id" integer NOT NULL,
    CONSTRAINT "product_categories_pkey" PRIMARY KEY ("product_id", "category_id")
) WITH (oids = false);

INSERT INTO "product_categories" ("product_id", "category_id") VALUES
(2,	3),
(3,	3),
(2,	1),
(1,	1),
(3,	2);

DROP TABLE IF EXISTS "product_images";
DROP SEQUENCE IF EXISTS product_images_id_seq;
CREATE SEQUENCE product_images_id_seq INCREMENT 1 MINVALUE 100 MAXVALUE 2147483647 CACHE 1;

CREATE TABLE "public"."product_images" (
    "id" integer DEFAULT nextval('product_images_id_seq') NOT NULL,
    "product_id" integer NOT NULL,
    "image_url" text NOT NULL,
    "is_primary" boolean DEFAULT false NOT NULL,
    "created_at" timestamp DEFAULT CURRENT_TIMESTAMP,
    CONSTRAINT "product_images_pkey" PRIMARY KEY ("id")
) WITH (oids = false);


DROP TABLE IF EXISTS "product_variants";
DROP SEQUENCE IF EXISTS product_variants_id_seq;
CREATE SEQUENCE product_variants_id_seq INCREMENT 1 MINVALUE 100 MAXVALUE 2147483647 CACHE 1;

CREATE TABLE "public"."product_variants" (
    "id" integer DEFAULT nextval('product_variants_id_seq') NOT NULL,
    "product_id" integer NOT NULL,
    "sku" text NOT NULL,
    "price" integer NOT NULL,
    "stock_quantity" integer DEFAULT '0' NOT NULL,
    "created_at" timestamp DEFAULT CURRENT_TIMESTAMP,
    "option_1_value" text NOT NULL,
    "option_2_value" text NOT NULL,
    CONSTRAINT "product_variants_pkey" PRIMARY KEY ("id"),
    CONSTRAINT "product_variants_sku_key" UNIQUE ("sku")
) WITH (oids = false);

INSERT INTO "product_variants" ("id", "product_id", "sku", "price", "stock_quantity", "created_at", "option_1_value", "option_2_value") VALUES
(104,	3,	'NOTEBOOK-BLACK-A4',	2500,	1800,	'2025-05-24 15:38:11.263083',	'Black',	'A4'),
(1,	1,	'TSHIRT-RED-SM22',	2000,	1000,	'2025-03-10 18:23:07.951056',	'Red',	'SM'),
(3,	1,	'TSHIRT-RED-LG',	2100,	20,	'2025-03-10 18:23:07.951056',	'Red',	'LG'),
(4,	1,	'TSHIRT-BLUE-SM',	2000,	10,	'2025-03-10 18:23:07.951056',	'Blue',	'SM'),
(5,	1,	'TSHIRT-BLUE-MD',	2000,	15,	'2025-03-10 18:23:07.951056',	'Blue',	'MD'),
(6,	1,	'TSHIRT-BLUE-LG',	2000,	20,	'2025-03-10 18:23:07.951056',	'Blue',	'LG'),
(2,	1,	'TSHIRT-RED-MD',	2000,	1500,	'2025-03-10 18:23:07.951056',	'Red',	'MD'),
(102,	2,	'MUG-GREEN-SM',	550,	800,	'2025-05-24 15:36:14.646988',	'Green',	'Small');

DROP TABLE IF EXISTS "products";
DROP SEQUENCE IF EXISTS products_id_seq;
CREATE SEQUENCE products_id_seq INCREMENT 1 MINVALUE 100 MAXVALUE 2147483647 CACHE 1;

CREATE TABLE "public"."products" (
    "id" integer DEFAULT nextval('products_id_seq') NOT NULL,
    "name" text NOT NULL,
    "description" text NOT NULL,
    "price" integer NOT NULL,
    "created_at" timestamp DEFAULT CURRENT_TIMESTAMP,
    "option_1_name" text DEFAULT 'Color' NOT NULL,
    "option_2_name" text DEFAULT 'Size' NOT NULL,
    "special" integer,
    CONSTRAINT "products_pkey" PRIMARY KEY ("id")
) WITH (oids = false);

INSERT INTO "products" ("id", "name", "description", "price", "created_at", "option_1_name", "option_2_name", "special") VALUES
(3,	'Notebook',	'A premium leather-bound notebook',	2500,	'2025-03-10 18:23:07.937736',	'Color',	'Size',	NULL),
(103,	'shirt1',	'Auto-generated shirt number 1',	901,	'2025-05-06 16:40:49.807015',	'Size',	'Color',	7),
(104,	'shirt2',	'Auto-generated shirt number 2',	902,	'2025-05-06 16:40:49.807015',	'Size',	'Color',	7),
(105,	'shirt3',	'Auto-generated shirt number 3',	903,	'2025-05-06 16:40:49.807015',	'Size',	'Color',	7),
(106,	'shirt4',	'Auto-generated shirt number 4',	904,	'2025-05-06 16:40:49.807015',	'Size',	'Color',	7),
(107,	'shirt5',	'Auto-generated shirt number 5',	905,	'2025-05-06 16:40:49.807015',	'Size',	'Color',	7),
(108,	'shirt6',	'Auto-generated shirt number 6',	906,	'2025-05-06 16:40:49.807015',	'Size',	'Color',	7),
(109,	'shirt7',	'Auto-generated shirt number 7',	907,	'2025-05-06 16:40:49.807015',	'Size',	'Color',	7),
(110,	'shirt8',	'Auto-generated shirt number 8',	908,	'2025-05-06 16:40:49.807015',	'Size',	'Color',	7),
(111,	'shirt9',	'Auto-generated shirt number 9',	909,	'2025-05-06 16:40:49.807015',	'Size',	'Color',	7),
(112,	'shirt10',	'Auto-generated shirt number 10',	910,	'2025-05-06 16:40:49.807015',	'Size',	'Color',	7),
(113,	'shirt11',	'Auto-generated shirt number 11',	911,	'2025-05-06 16:40:49.807015',	'Size',	'Color',	7),
(114,	'shirt12',	'Auto-generated shirt number 12',	912,	'2025-05-06 16:40:49.807015',	'Size',	'Color',	7),
(115,	'shirt13',	'Auto-generated shirt number 13',	913,	'2025-05-06 16:40:49.807015',	'Size',	'Color',	7),
(116,	'shirt14',	'Auto-generated shirt number 14',	914,	'2025-05-06 16:40:49.807015',	'Size',	'Color',	7),
(117,	'shirt15',	'Auto-generated shirt number 15',	915,	'2025-05-06 16:40:49.807015',	'Size',	'Color',	7),
(118,	'shirt16',	'Auto-generated shirt number 16',	916,	'2025-05-06 16:40:49.807015',	'Size',	'Color',	7),
(119,	'shirt17',	'Auto-generated shirt number 17',	917,	'2025-05-06 16:40:49.807015',	'Size',	'Color',	7),
(120,	'shirt18',	'Auto-generated shirt number 18',	918,	'2025-05-06 16:40:49.807015',	'Size',	'Color',	7),
(121,	'shirt19',	'Auto-generated shirt number 19',	919,	'2025-05-06 16:40:49.807015',	'Size',	'Color',	7),
(122,	'shirt20',	'Auto-generated shirt number 20',	920,	'2025-05-06 16:40:49.807015',	'Size',	'Color',	7),
(123,	'shirt21',	'Auto-generated shirt number 21',	921,	'2025-05-06 16:40:49.807015',	'Size',	'Color',	7),
(124,	'shirt22',	'Auto-generated shirt number 22',	922,	'2025-05-06 16:40:49.807015',	'Size',	'Color',	7),
(125,	'shirt23',	'Auto-generated shirt number 23',	923,	'2025-05-06 16:40:49.807015',	'Size',	'Color',	7),
(126,	'shirt24',	'Auto-generated shirt number 24',	924,	'2025-05-06 16:40:49.807015',	'Size',	'Color',	7),
(127,	'shirt25',	'Auto-generated shirt number 25',	925,	'2025-05-06 16:40:49.807015',	'Size',	'Color',	7),
(128,	'shirt26',	'Auto-generated shirt number 26',	926,	'2025-05-06 16:40:49.807015',	'Size',	'Color',	7),
(129,	'shirt27',	'Auto-generated shirt number 27',	927,	'2025-05-06 16:40:49.807015',	'Size',	'Color',	7),
(130,	'shirt28',	'Auto-generated shirt number 28',	928,	'2025-05-06 16:40:49.807015',	'Size',	'Color',	7),
(131,	'shirt29',	'Auto-generated shirt number 29',	929,	'2025-05-06 16:40:49.807015',	'Size',	'Color',	7),
(132,	'shirt30',	'Auto-generated shirt number 30',	930,	'2025-05-06 16:40:49.807015',	'Size',	'Color',	7),
(133,	'shirt31',	'Auto-generated shirt number 31',	931,	'2025-05-06 16:40:49.807015',	'Size',	'Color',	7),
(134,	'shirt32',	'Auto-generated shirt number 32',	932,	'2025-05-06 16:40:49.807015',	'Size',	'Color',	7),
(135,	'shirt33',	'Auto-generated shirt number 33',	933,	'2025-05-06 16:40:49.807015',	'Size',	'Color',	7),
(136,	'shirt34',	'Auto-generated shirt number 34',	934,	'2025-05-06 16:40:49.807015',	'Size',	'Color',	7),
(137,	'shirt35',	'Auto-generated shirt number 35',	935,	'2025-05-06 16:40:49.807015',	'Size',	'Color',	7),
(138,	'shirt36',	'Auto-generated shirt number 36',	936,	'2025-05-06 16:40:49.807015',	'Size',	'Color',	7),
(139,	'shirt37',	'Auto-generated shirt number 37',	937,	'2025-05-06 16:40:49.807015',	'Size',	'Color',	7),
(140,	'shirt38',	'Auto-generated shirt number 38',	938,	'2025-05-06 16:40:49.807015',	'Size',	'Color',	7),
(141,	'shirt39',	'Auto-generated shirt number 39',	939,	'2025-05-06 16:40:49.807015',	'Size',	'Color',	7),
(142,	'shirt40',	'Auto-generated shirt number 40',	940,	'2025-05-06 16:40:49.807015',	'Size',	'Color',	7),
(143,	'shirt41',	'Auto-generated shirt number 41',	941,	'2025-05-06 16:40:49.807015',	'Size',	'Color',	7),
(144,	'shirt42',	'Auto-generated shirt number 42',	942,	'2025-05-06 16:40:49.807015',	'Size',	'Color',	7),
(145,	'shirt43',	'Auto-generated shirt number 43',	943,	'2025-05-06 16:40:49.807015',	'Size',	'Color',	7),
(146,	'shirt44',	'Auto-generated shirt number 44',	944,	'2025-05-06 16:40:49.807015',	'Size',	'Color',	7),
(147,	'shirt45',	'Auto-generated shirt number 45',	945,	'2025-05-06 16:40:49.807015',	'Size',	'Color',	7),
(148,	'shirt46',	'Auto-generated shirt number 46',	946,	'2025-05-06 16:40:49.807015',	'Size',	'Color',	7),
(149,	'shirt47',	'Auto-generated shirt number 47',	947,	'2025-05-06 16:40:49.807015',	'Size',	'Color',	7),
(150,	'shirt48',	'Auto-generated shirt number 48',	948,	'2025-05-06 16:40:49.807015',	'Size',	'Color',	7),
(151,	'shirt49',	'Auto-generated shirt number 49',	949,	'2025-05-06 16:40:49.807015',	'Size',	'Color',	7),
(152,	'shirt50',	'Auto-generated shirt number 50',	950,	'2025-05-06 16:40:49.807015',	'Size',	'Color',	7),
(153,	'shirt51',	'Auto-generated shirt number 51',	951,	'2025-05-06 16:40:49.807015',	'Size',	'Color',	7),
(154,	'shirt52',	'Auto-generated shirt number 52',	952,	'2025-05-06 16:40:49.807015',	'Size',	'Color',	7),
(155,	'shirt53',	'Auto-generated shirt number 53',	953,	'2025-05-06 16:40:49.807015',	'Size',	'Color',	7),
(156,	'shirt54',	'Auto-generated shirt number 54',	954,	'2025-05-06 16:40:49.807015',	'Size',	'Color',	7),
(157,	'shirt55',	'Auto-generated shirt number 55',	955,	'2025-05-06 16:40:49.807015',	'Size',	'Color',	7),
(158,	'shirt56',	'Auto-generated shirt number 56',	956,	'2025-05-06 16:40:49.807015',	'Size',	'Color',	7),
(159,	'shirt57',	'Auto-generated shirt number 57',	957,	'2025-05-06 16:40:49.807015',	'Size',	'Color',	7),
(160,	'shirt58',	'Auto-generated shirt number 58',	958,	'2025-05-06 16:40:49.807015',	'Size',	'Color',	7),
(161,	'shirt59',	'Auto-generated shirt number 59',	959,	'2025-05-06 16:40:49.807015',	'Size',	'Color',	7),
(162,	'shirt60',	'Auto-generated shirt number 60',	960,	'2025-05-06 16:40:49.807015',	'Size',	'Color',	7),
(163,	'shirt61',	'Auto-generated shirt number 61',	961,	'2025-05-06 16:40:49.807015',	'Size',	'Color',	7),
(164,	'shirt62',	'Auto-generated shirt number 62',	962,	'2025-05-06 16:40:49.807015',	'Size',	'Color',	7),
(165,	'shirt63',	'Auto-generated shirt number 63',	963,	'2025-05-06 16:40:49.807015',	'Size',	'Color',	7),
(166,	'shirt64',	'Auto-generated shirt number 64',	964,	'2025-05-06 16:40:49.807015',	'Size',	'Color',	7),
(167,	'shirt65',	'Auto-generated shirt number 65',	965,	'2025-05-06 16:40:49.807015',	'Size',	'Color',	7),
(168,	'shirt66',	'Auto-generated shirt number 66',	966,	'2025-05-06 16:40:49.807015',	'Size',	'Color',	7),
(169,	'shirt67',	'Auto-generated shirt number 67',	967,	'2025-05-06 16:40:49.807015',	'Size',	'Color',	7),
(170,	'shirt68',	'Auto-generated shirt number 68',	968,	'2025-05-06 16:40:49.807015',	'Size',	'Color',	7),
(171,	'shirt69',	'Auto-generated shirt number 69',	969,	'2025-05-06 16:40:49.807015',	'Size',	'Color',	7),
(172,	'shirt70',	'Auto-generated shirt number 70',	970,	'2025-05-06 16:40:49.807015',	'Size',	'Color',	7),
(173,	'shirt71',	'Auto-generated shirt number 71',	971,	'2025-05-06 16:40:49.807015',	'Size',	'Color',	7),
(174,	'shirt72',	'Auto-generated shirt number 72',	972,	'2025-05-06 16:40:49.807015',	'Size',	'Color',	7),
(1,	'T-Shirt',	'A comfortable cotton T-Shirt',	2000,	'2025-03-10 18:23:07.937736',	'Color',	'Size',	2),
(2,	'Coffee Mug',	'A stylish ceramic coffee mug',	550,	'2025-03-10 18:23:07.937736',	'Color',	'Size',	1),
(175,	'shirt73',	'Auto-generated shirt number 73',	973,	'2025-05-06 16:40:49.807015',	'Size',	'Color',	7),
(176,	'shirt74',	'Auto-generated shirt number 74',	974,	'2025-05-06 16:40:49.807015',	'Size',	'Color',	7),
(177,	'shirt75',	'Auto-generated shirt number 75',	975,	'2025-05-06 16:40:49.807015',	'Size',	'Color',	7),
(178,	'shirt76',	'Auto-generated shirt number 76',	976,	'2025-05-06 16:40:49.807015',	'Size',	'Color',	7),
(179,	'shirt77',	'Auto-generated shirt number 77',	977,	'2025-05-06 16:40:49.807015',	'Size',	'Color',	7),
(180,	'shirt78',	'Auto-generated shirt number 78',	978,	'2025-05-06 16:40:49.807015',	'Size',	'Color',	7),
(181,	'shirt79',	'Auto-generated shirt number 79',	979,	'2025-05-06 16:40:49.807015',	'Size',	'Color',	7),
(182,	'shirt80',	'Auto-generated shirt number 80',	980,	'2025-05-06 16:40:49.807015',	'Size',	'Color',	7),
(183,	'shirt81',	'Auto-generated shirt number 81',	981,	'2025-05-06 16:40:49.807015',	'Size',	'Color',	7),
(184,	'shirt82',	'Auto-generated shirt number 82',	982,	'2025-05-06 16:40:49.807015',	'Size',	'Color',	7),
(185,	'shirt83',	'Auto-generated shirt number 83',	983,	'2025-05-06 16:40:49.807015',	'Size',	'Color',	7),
(186,	'shirt84',	'Auto-generated shirt number 84',	984,	'2025-05-06 16:40:49.807015',	'Size',	'Color',	7),
(187,	'shirt85',	'Auto-generated shirt number 85',	985,	'2025-05-06 16:40:49.807015',	'Size',	'Color',	7),
(188,	'shirt86',	'Auto-generated shirt number 86',	986,	'2025-05-06 16:40:49.807015',	'Size',	'Color',	7),
(189,	'shirt87',	'Auto-generated shirt number 87',	987,	'2025-05-06 16:40:49.807015',	'Size',	'Color',	7),
(190,	'shirt88',	'Auto-generated shirt number 88',	988,	'2025-05-06 16:40:49.807015',	'Size',	'Color',	7),
(191,	'shirt89',	'Auto-generated shirt number 89',	989,	'2025-05-06 16:40:49.807015',	'Size',	'Color',	7),
(192,	'shirt90',	'Auto-generated shirt number 90',	990,	'2025-05-06 16:40:49.807015',	'Size',	'Color',	7),
(193,	'shirt91',	'Auto-generated shirt number 91',	991,	'2025-05-06 16:40:49.807015',	'Size',	'Color',	7),
(194,	'shirt92',	'Auto-generated shirt number 92',	992,	'2025-05-06 16:40:49.807015',	'Size',	'Color',	7),
(195,	'shirt93',	'Auto-generated shirt number 93',	993,	'2025-05-06 16:40:49.807015',	'Size',	'Color',	7),
(196,	'shirt94',	'Auto-generated shirt number 94',	994,	'2025-05-06 16:40:49.807015',	'Size',	'Color',	7),
(197,	'shirt95',	'Auto-generated shirt number 95',	995,	'2025-05-06 16:40:49.807015',	'Size',	'Color',	7),
(198,	'shirt96',	'Auto-generated shirt number 96',	996,	'2025-05-06 16:40:49.807015',	'Size',	'Color',	7),
(199,	'shirt97',	'Auto-generated shirt number 97',	997,	'2025-05-06 16:40:49.807015',	'Size',	'Color',	7),
(200,	'shirt98',	'Auto-generated shirt number 98',	998,	'2025-05-06 16:40:49.807015',	'Size',	'Color',	7),
(201,	'shirt99',	'Auto-generated shirt number 99',	999,	'2025-05-06 16:40:49.807015',	'Size',	'Color',	7),
(202,	'shirt100',	'Auto-generated shirt number 100',	900,	'2025-05-06 16:40:49.807015',	'Size',	'Color',	7),
(203,	'shirt101',	'Auto-generated shirt number 101',	901,	'2025-05-06 16:40:49.807015',	'Size',	'Color',	7),
(204,	'shirt102',	'Auto-generated shirt number 102',	902,	'2025-05-06 16:40:49.807015',	'Size',	'Color',	7),
(205,	'shirt103',	'Auto-generated shirt number 103',	903,	'2025-05-06 16:40:49.807015',	'Size',	'Color',	7),
(206,	'shirt104',	'Auto-generated shirt number 104',	904,	'2025-05-06 16:40:49.807015',	'Size',	'Color',	7),
(207,	'shirt105',	'Auto-generated shirt number 105',	905,	'2025-05-06 16:40:49.807015',	'Size',	'Color',	7),
(208,	'shirt106',	'Auto-generated shirt number 106',	906,	'2025-05-06 16:40:49.807015',	'Size',	'Color',	7),
(209,	'shirt107',	'Auto-generated shirt number 107',	907,	'2025-05-06 16:40:49.807015',	'Size',	'Color',	7),
(210,	'shirt108',	'Auto-generated shirt number 108',	908,	'2025-05-06 16:40:49.807015',	'Size',	'Color',	7),
(211,	'shirt109',	'Auto-generated shirt number 109',	909,	'2025-05-06 16:40:49.807015',	'Size',	'Color',	7),
(212,	'shirt110',	'Auto-generated shirt number 110',	910,	'2025-05-06 16:40:49.807015',	'Size',	'Color',	7),
(213,	'shirt111',	'Auto-generated shirt number 111',	911,	'2025-05-06 16:40:49.807015',	'Size',	'Color',	7),
(214,	'shirt112',	'Auto-generated shirt number 112',	912,	'2025-05-06 16:40:49.807015',	'Size',	'Color',	7),
(215,	'shirt113',	'Auto-generated shirt number 113',	913,	'2025-05-06 16:40:49.807015',	'Size',	'Color',	7),
(216,	'shirt114',	'Auto-generated shirt number 114',	914,	'2025-05-06 16:40:49.807015',	'Size',	'Color',	7),
(217,	'shirt115',	'Auto-generated shirt number 115',	915,	'2025-05-06 16:40:49.807015',	'Size',	'Color',	7),
(218,	'shirt116',	'Auto-generated shirt number 116',	916,	'2025-05-06 16:40:49.807015',	'Size',	'Color',	7),
(219,	'shirt117',	'Auto-generated shirt number 117',	917,	'2025-05-06 16:40:49.807015',	'Size',	'Color',	7),
(220,	'shirt118',	'Auto-generated shirt number 118',	918,	'2025-05-06 16:40:49.807015',	'Size',	'Color',	7),
(221,	'shirt119',	'Auto-generated shirt number 119',	919,	'2025-05-06 16:40:49.807015',	'Size',	'Color',	7),
(222,	'shirt120',	'Auto-generated shirt number 120',	920,	'2025-05-06 16:40:49.807015',	'Size',	'Color',	7),
(223,	'shirt121',	'Auto-generated shirt number 121',	921,	'2025-05-06 16:40:49.807015',	'Size',	'Color',	7),
(224,	'shirt122',	'Auto-generated shirt number 122',	922,	'2025-05-06 16:40:49.807015',	'Size',	'Color',	7),
(225,	'shirt123',	'Auto-generated shirt number 123',	923,	'2025-05-06 16:40:49.807015',	'Size',	'Color',	7),
(226,	'shirt124',	'Auto-generated shirt number 124',	924,	'2025-05-06 16:40:49.807015',	'Size',	'Color',	7),
(227,	'shirt125',	'Auto-generated shirt number 125',	925,	'2025-05-06 16:40:49.807015',	'Size',	'Color',	7),
(228,	'shirt126',	'Auto-generated shirt number 126',	926,	'2025-05-06 16:40:49.807015',	'Size',	'Color',	7),
(229,	'shirt127',	'Auto-generated shirt number 127',	927,	'2025-05-06 16:40:49.807015',	'Size',	'Color',	7),
(230,	'shirt128',	'Auto-generated shirt number 128',	928,	'2025-05-06 16:40:49.807015',	'Size',	'Color',	7),
(231,	'shirt129',	'Auto-generated shirt number 129',	929,	'2025-05-06 16:40:49.807015',	'Size',	'Color',	7),
(232,	'shirt130',	'Auto-generated shirt number 130',	930,	'2025-05-06 16:40:49.807015',	'Size',	'Color',	7),
(233,	'shirt131',	'Auto-generated shirt number 131',	931,	'2025-05-06 16:40:49.807015',	'Size',	'Color',	7),
(234,	'shirt132',	'Auto-generated shirt number 132',	932,	'2025-05-06 16:40:49.807015',	'Size',	'Color',	7),
(235,	'shirt133',	'Auto-generated shirt number 133',	933,	'2025-05-06 16:40:49.807015',	'Size',	'Color',	7),
(236,	'shirt134',	'Auto-generated shirt number 134',	934,	'2025-05-06 16:40:49.807015',	'Size',	'Color',	7),
(237,	'shirt135',	'Auto-generated shirt number 135',	935,	'2025-05-06 16:40:49.807015',	'Size',	'Color',	7),
(238,	'shirt136',	'Auto-generated shirt number 136',	936,	'2025-05-06 16:40:49.807015',	'Size',	'Color',	7),
(239,	'shirt137',	'Auto-generated shirt number 137',	937,	'2025-05-06 16:40:49.807015',	'Size',	'Color',	7),
(240,	'shirt138',	'Auto-generated shirt number 138',	938,	'2025-05-06 16:40:49.807015',	'Size',	'Color',	7),
(241,	'shirt139',	'Auto-generated shirt number 139',	939,	'2025-05-06 16:40:49.807015',	'Size',	'Color',	7),
(242,	'shirt140',	'Auto-generated shirt number 140',	940,	'2025-05-06 16:40:49.807015',	'Size',	'Color',	7),
(243,	'shirt141',	'Auto-generated shirt number 141',	941,	'2025-05-06 16:40:49.807015',	'Size',	'Color',	7),
(244,	'shirt142',	'Auto-generated shirt number 142',	942,	'2025-05-06 16:40:49.807015',	'Size',	'Color',	7),
(245,	'shirt143',	'Auto-generated shirt number 143',	943,	'2025-05-06 16:40:49.807015',	'Size',	'Color',	7),
(246,	'shirt144',	'Auto-generated shirt number 144',	944,	'2025-05-06 16:40:49.807015',	'Size',	'Color',	7),
(247,	'shirt145',	'Auto-generated shirt number 145',	945,	'2025-05-06 16:40:49.807015',	'Size',	'Color',	7),
(248,	'shirt146',	'Auto-generated shirt number 146',	946,	'2025-05-06 16:40:49.807015',	'Size',	'Color',	7),
(249,	'shirt147',	'Auto-generated shirt number 147',	947,	'2025-05-06 16:40:49.807015',	'Size',	'Color',	7),
(250,	'shirt148',	'Auto-generated shirt number 148',	948,	'2025-05-06 16:40:49.807015',	'Size',	'Color',	7),
(251,	'shirt149',	'Auto-generated shirt number 149',	949,	'2025-05-06 16:40:49.807015',	'Size',	'Color',	7),
(252,	'shirt150',	'Auto-generated shirt number 150',	950,	'2025-05-06 16:40:49.807015',	'Size',	'Color',	7),
(253,	'shirt151',	'Auto-generated shirt number 151',	951,	'2025-05-06 16:40:49.807015',	'Size',	'Color',	7),
(254,	'shirt152',	'Auto-generated shirt number 152',	952,	'2025-05-06 16:40:49.807015',	'Size',	'Color',	7),
(255,	'shirt153',	'Auto-generated shirt number 153',	953,	'2025-05-06 16:40:49.807015',	'Size',	'Color',	7),
(256,	'shirt154',	'Auto-generated shirt number 154',	954,	'2025-05-06 16:40:49.807015',	'Size',	'Color',	7),
(257,	'shirt155',	'Auto-generated shirt number 155',	955,	'2025-05-06 16:40:49.807015',	'Size',	'Color',	7),
(258,	'shirt156',	'Auto-generated shirt number 156',	956,	'2025-05-06 16:40:49.807015',	'Size',	'Color',	7),
(259,	'shirt157',	'Auto-generated shirt number 157',	957,	'2025-05-06 16:40:49.807015',	'Size',	'Color',	7),
(260,	'shirt158',	'Auto-generated shirt number 158',	958,	'2025-05-06 16:40:49.807015',	'Size',	'Color',	7),
(261,	'shirt159',	'Auto-generated shirt number 159',	959,	'2025-05-06 16:40:49.807015',	'Size',	'Color',	7),
(262,	'shirt160',	'Auto-generated shirt number 160',	960,	'2025-05-06 16:40:49.807015',	'Size',	'Color',	7),
(263,	'shirt161',	'Auto-generated shirt number 161',	961,	'2025-05-06 16:40:49.807015',	'Size',	'Color',	7),
(264,	'shirt162',	'Auto-generated shirt number 162',	962,	'2025-05-06 16:40:49.807015',	'Size',	'Color',	7),
(265,	'shirt163',	'Auto-generated shirt number 163',	963,	'2025-05-06 16:40:49.807015',	'Size',	'Color',	7),
(266,	'shirt164',	'Auto-generated shirt number 164',	964,	'2025-05-06 16:40:49.807015',	'Size',	'Color',	7),
(267,	'shirt165',	'Auto-generated shirt number 165',	965,	'2025-05-06 16:40:49.807015',	'Size',	'Color',	7),
(268,	'shirt166',	'Auto-generated shirt number 166',	966,	'2025-05-06 16:40:49.807015',	'Size',	'Color',	7),
(269,	'shirt167',	'Auto-generated shirt number 167',	967,	'2025-05-06 16:40:49.807015',	'Size',	'Color',	7),
(270,	'shirt168',	'Auto-generated shirt number 168',	968,	'2025-05-06 16:40:49.807015',	'Size',	'Color',	7),
(271,	'shirt169',	'Auto-generated shirt number 169',	969,	'2025-05-06 16:40:49.807015',	'Size',	'Color',	7),
(272,	'shirt170',	'Auto-generated shirt number 170',	970,	'2025-05-06 16:40:49.807015',	'Size',	'Color',	7),
(273,	'shirt171',	'Auto-generated shirt number 171',	971,	'2025-05-06 16:40:49.807015',	'Size',	'Color',	7),
(274,	'shirt172',	'Auto-generated shirt number 172',	972,	'2025-05-06 16:40:49.807015',	'Size',	'Color',	7),
(275,	'shirt173',	'Auto-generated shirt number 173',	973,	'2025-05-06 16:40:49.807015',	'Size',	'Color',	7),
(276,	'shirt174',	'Auto-generated shirt number 174',	974,	'2025-05-06 16:40:49.807015',	'Size',	'Color',	7),
(277,	'shirt175',	'Auto-generated shirt number 175',	975,	'2025-05-06 16:40:49.807015',	'Size',	'Color',	7),
(278,	'shirt176',	'Auto-generated shirt number 176',	976,	'2025-05-06 16:40:49.807015',	'Size',	'Color',	7),
(279,	'shirt177',	'Auto-generated shirt number 177',	977,	'2025-05-06 16:40:49.807015',	'Size',	'Color',	7),
(280,	'shirt178',	'Auto-generated shirt number 178',	978,	'2025-05-06 16:40:49.807015',	'Size',	'Color',	7),
(281,	'shirt179',	'Auto-generated shirt number 179',	979,	'2025-05-06 16:40:49.807015',	'Size',	'Color',	7),
(282,	'shirt180',	'Auto-generated shirt number 180',	980,	'2025-05-06 16:40:49.807015',	'Size',	'Color',	7),
(283,	'shirt181',	'Auto-generated shirt number 181',	981,	'2025-05-06 16:40:49.807015',	'Size',	'Color',	7),
(284,	'shirt182',	'Auto-generated shirt number 182',	982,	'2025-05-06 16:40:49.807015',	'Size',	'Color',	7),
(285,	'shirt183',	'Auto-generated shirt number 183',	983,	'2025-05-06 16:40:49.807015',	'Size',	'Color',	7),
(286,	'shirt184',	'Auto-generated shirt number 184',	984,	'2025-05-06 16:40:49.807015',	'Size',	'Color',	7),
(287,	'shirt185',	'Auto-generated shirt number 185',	985,	'2025-05-06 16:40:49.807015',	'Size',	'Color',	7),
(288,	'shirt186',	'Auto-generated shirt number 186',	986,	'2025-05-06 16:40:49.807015',	'Size',	'Color',	7),
(289,	'shirt187',	'Auto-generated shirt number 187',	987,	'2025-05-06 16:40:49.807015',	'Size',	'Color',	7),
(290,	'shirt188',	'Auto-generated shirt number 188',	988,	'2025-05-06 16:40:49.807015',	'Size',	'Color',	7),
(291,	'shirt189',	'Auto-generated shirt number 189',	989,	'2025-05-06 16:40:49.807015',	'Size',	'Color',	7),
(292,	'shirt190',	'Auto-generated shirt number 190',	990,	'2025-05-06 16:40:49.807015',	'Size',	'Color',	7),
(293,	'shirt191',	'Auto-generated shirt number 191',	991,	'2025-05-06 16:40:49.807015',	'Size',	'Color',	7),
(294,	'shirt192',	'Auto-generated shirt number 192',	992,	'2025-05-06 16:40:49.807015',	'Size',	'Color',	7),
(295,	'shirt193',	'Auto-generated shirt number 193',	993,	'2025-05-06 16:40:49.807015',	'Size',	'Color',	7),
(296,	'shirt194',	'Auto-generated shirt number 194',	994,	'2025-05-06 16:40:49.807015',	'Size',	'Color',	7),
(297,	'shirt195',	'Auto-generated shirt number 195',	995,	'2025-05-06 16:40:49.807015',	'Size',	'Color',	7),
(298,	'shirt196',	'Auto-generated shirt number 196',	996,	'2025-05-06 16:40:49.807015',	'Size',	'Color',	7),
(299,	'shirt197',	'Auto-generated shirt number 197',	997,	'2025-05-06 16:40:49.807015',	'Size',	'Color',	7),
(300,	'shirt198',	'Auto-generated shirt number 198',	998,	'2025-05-06 16:40:49.807015',	'Size',	'Color',	7),
(301,	'shirt199',	'Auto-generated shirt number 199',	999,	'2025-05-06 16:40:49.807015',	'Size',	'Color',	7),
(302,	'shirt200',	'Auto-generated shirt number 200',	900,	'2025-05-06 16:40:49.807015',	'Size',	'Color',	7),
(303,	'shirt1',	'Auto-generated shirt number 1',	10001,	'2025-05-06 16:45:43.232835',	'Size',	'Color',	7),
(304,	'shirt2',	'Auto-generated shirt number 2',	10002,	'2025-05-06 16:45:43.232835',	'Size',	'Color',	7),
(305,	'shirt3',	'Auto-generated shirt number 3',	10003,	'2025-05-06 16:45:43.232835',	'Size',	'Color',	7),
(306,	'shirt4',	'Auto-generated shirt number 4',	10004,	'2025-05-06 16:45:43.232835',	'Size',	'Color',	7),
(307,	'shirt5',	'Auto-generated shirt number 5',	10005,	'2025-05-06 16:45:43.232835',	'Size',	'Color',	7),
(308,	'shirt6',	'Auto-generated shirt number 6',	10006,	'2025-05-06 16:45:43.232835',	'Size',	'Color',	7),
(309,	'shirt7',	'Auto-generated shirt number 7',	10007,	'2025-05-06 16:45:43.232835',	'Size',	'Color',	7),
(310,	'shirt8',	'Auto-generated shirt number 8',	10008,	'2025-05-06 16:45:43.232835',	'Size',	'Color',	7),
(311,	'shirt9',	'Auto-generated shirt number 9',	10009,	'2025-05-06 16:45:43.232835',	'Size',	'Color',	7),
(312,	'shirt10',	'Auto-generated shirt number 10',	10010,	'2025-05-06 16:45:43.232835',	'Size',	'Color',	7),
(313,	'shirt11',	'Auto-generated shirt number 11',	10011,	'2025-05-06 16:45:43.232835',	'Size',	'Color',	7),
(314,	'shirt12',	'Auto-generated shirt number 12',	10012,	'2025-05-06 16:45:43.232835',	'Size',	'Color',	7),
(315,	'shirt13',	'Auto-generated shirt number 13',	10013,	'2025-05-06 16:45:43.232835',	'Size',	'Color',	7),
(316,	'shirt14',	'Auto-generated shirt number 14',	10014,	'2025-05-06 16:45:43.232835',	'Size',	'Color',	7),
(317,	'shirt15',	'Auto-generated shirt number 15',	10015,	'2025-05-06 16:45:43.232835',	'Size',	'Color',	7),
(318,	'shirt16',	'Auto-generated shirt number 16',	10016,	'2025-05-06 16:45:43.232835',	'Size',	'Color',	7),
(319,	'shirt17',	'Auto-generated shirt number 17',	10017,	'2025-05-06 16:45:43.232835',	'Size',	'Color',	7),
(320,	'shirt18',	'Auto-generated shirt number 18',	10018,	'2025-05-06 16:45:43.232835',	'Size',	'Color',	7),
(321,	'shirt19',	'Auto-generated shirt number 19',	10019,	'2025-05-06 16:45:43.232835',	'Size',	'Color',	7),
(322,	'shirt20',	'Auto-generated shirt number 20',	10020,	'2025-05-06 16:45:43.232835',	'Size',	'Color',	7),
(323,	'shirt21',	'Auto-generated shirt number 21',	10021,	'2025-05-06 16:45:43.232835',	'Size',	'Color',	7),
(324,	'shirt22',	'Auto-generated shirt number 22',	10022,	'2025-05-06 16:45:43.232835',	'Size',	'Color',	7),
(325,	'shirt23',	'Auto-generated shirt number 23',	10023,	'2025-05-06 16:45:43.232835',	'Size',	'Color',	7),
(326,	'shirt24',	'Auto-generated shirt number 24',	10024,	'2025-05-06 16:45:43.232835',	'Size',	'Color',	7),
(327,	'shirt25',	'Auto-generated shirt number 25',	10025,	'2025-05-06 16:45:43.232835',	'Size',	'Color',	7),
(328,	'shirt26',	'Auto-generated shirt number 26',	10026,	'2025-05-06 16:45:43.232835',	'Size',	'Color',	7),
(329,	'shirt27',	'Auto-generated shirt number 27',	10027,	'2025-05-06 16:45:43.232835',	'Size',	'Color',	7),
(330,	'shirt28',	'Auto-generated shirt number 28',	10028,	'2025-05-06 16:45:43.232835',	'Size',	'Color',	7),
(331,	'shirt29',	'Auto-generated shirt number 29',	10029,	'2025-05-06 16:45:43.232835',	'Size',	'Color',	7),
(332,	'shirt30',	'Auto-generated shirt number 30',	10030,	'2025-05-06 16:45:43.232835',	'Size',	'Color',	7),
(333,	'shirt31',	'Auto-generated shirt number 31',	10031,	'2025-05-06 16:45:43.232835',	'Size',	'Color',	7),
(334,	'shirt32',	'Auto-generated shirt number 32',	10032,	'2025-05-06 16:45:43.232835',	'Size',	'Color',	7),
(335,	'shirt33',	'Auto-generated shirt number 33',	10033,	'2025-05-06 16:45:43.232835',	'Size',	'Color',	7),
(336,	'shirt34',	'Auto-generated shirt number 34',	10034,	'2025-05-06 16:45:43.232835',	'Size',	'Color',	7),
(337,	'shirt35',	'Auto-generated shirt number 35',	10035,	'2025-05-06 16:45:43.232835',	'Size',	'Color',	7),
(338,	'shirt36',	'Auto-generated shirt number 36',	10036,	'2025-05-06 16:45:43.232835',	'Size',	'Color',	7),
(339,	'shirt37',	'Auto-generated shirt number 37',	10037,	'2025-05-06 16:45:43.232835',	'Size',	'Color',	7),
(340,	'shirt38',	'Auto-generated shirt number 38',	10038,	'2025-05-06 16:45:43.232835',	'Size',	'Color',	7),
(341,	'shirt39',	'Auto-generated shirt number 39',	10039,	'2025-05-06 16:45:43.232835',	'Size',	'Color',	7),
(342,	'shirt40',	'Auto-generated shirt number 40',	10040,	'2025-05-06 16:45:43.232835',	'Size',	'Color',	7),
(343,	'shirt41',	'Auto-generated shirt number 41',	10041,	'2025-05-06 16:45:43.232835',	'Size',	'Color',	7),
(344,	'shirt42',	'Auto-generated shirt number 42',	10042,	'2025-05-06 16:45:43.232835',	'Size',	'Color',	7),
(345,	'shirt43',	'Auto-generated shirt number 43',	10043,	'2025-05-06 16:45:43.232835',	'Size',	'Color',	7),
(346,	'shirt44',	'Auto-generated shirt number 44',	10044,	'2025-05-06 16:45:43.232835',	'Size',	'Color',	7),
(347,	'shirt45',	'Auto-generated shirt number 45',	10045,	'2025-05-06 16:45:43.232835',	'Size',	'Color',	7),
(348,	'shirt46',	'Auto-generated shirt number 46',	10046,	'2025-05-06 16:45:43.232835',	'Size',	'Color',	7),
(349,	'shirt47',	'Auto-generated shirt number 47',	10047,	'2025-05-06 16:45:43.232835',	'Size',	'Color',	7),
(350,	'shirt48',	'Auto-generated shirt number 48',	10048,	'2025-05-06 16:45:43.232835',	'Size',	'Color',	7),
(351,	'shirt49',	'Auto-generated shirt number 49',	10049,	'2025-05-06 16:45:43.232835',	'Size',	'Color',	7),
(352,	'shirt50',	'Auto-generated shirt number 50',	10050,	'2025-05-06 16:45:43.232835',	'Size',	'Color',	7),
(353,	'shirt51',	'Auto-generated shirt number 51',	10051,	'2025-05-06 16:45:43.232835',	'Size',	'Color',	7),
(354,	'shirt52',	'Auto-generated shirt number 52',	10052,	'2025-05-06 16:45:43.232835',	'Size',	'Color',	7),
(355,	'shirt53',	'Auto-generated shirt number 53',	10053,	'2025-05-06 16:45:43.232835',	'Size',	'Color',	7),
(356,	'shirt54',	'Auto-generated shirt number 54',	10054,	'2025-05-06 16:45:43.232835',	'Size',	'Color',	7),
(357,	'shirt55',	'Auto-generated shirt number 55',	10055,	'2025-05-06 16:45:43.232835',	'Size',	'Color',	7),
(358,	'shirt56',	'Auto-generated shirt number 56',	10056,	'2025-05-06 16:45:43.232835',	'Size',	'Color',	7),
(359,	'shirt57',	'Auto-generated shirt number 57',	10057,	'2025-05-06 16:45:43.232835',	'Size',	'Color',	7),
(360,	'shirt58',	'Auto-generated shirt number 58',	10058,	'2025-05-06 16:45:43.232835',	'Size',	'Color',	7),
(361,	'shirt59',	'Auto-generated shirt number 59',	10059,	'2025-05-06 16:45:43.232835',	'Size',	'Color',	7),
(362,	'shirt60',	'Auto-generated shirt number 60',	10060,	'2025-05-06 16:45:43.232835',	'Size',	'Color',	7),
(363,	'shirt61',	'Auto-generated shirt number 61',	10061,	'2025-05-06 16:45:43.232835',	'Size',	'Color',	7),
(364,	'shirt62',	'Auto-generated shirt number 62',	10062,	'2025-05-06 16:45:43.232835',	'Size',	'Color',	7),
(365,	'shirt63',	'Auto-generated shirt number 63',	10063,	'2025-05-06 16:45:43.232835',	'Size',	'Color',	7),
(366,	'shirt64',	'Auto-generated shirt number 64',	10064,	'2025-05-06 16:45:43.232835',	'Size',	'Color',	7),
(367,	'shirt65',	'Auto-generated shirt number 65',	10065,	'2025-05-06 16:45:43.232835',	'Size',	'Color',	7),
(368,	'shirt66',	'Auto-generated shirt number 66',	10066,	'2025-05-06 16:45:43.232835',	'Size',	'Color',	7),
(369,	'shirt67',	'Auto-generated shirt number 67',	10067,	'2025-05-06 16:45:43.232835',	'Size',	'Color',	7),
(370,	'shirt68',	'Auto-generated shirt number 68',	10068,	'2025-05-06 16:45:43.232835',	'Size',	'Color',	7),
(371,	'shirt69',	'Auto-generated shirt number 69',	10069,	'2025-05-06 16:45:43.232835',	'Size',	'Color',	7),
(372,	'shirt70',	'Auto-generated shirt number 70',	10070,	'2025-05-06 16:45:43.232835',	'Size',	'Color',	7),
(373,	'shirt71',	'Auto-generated shirt number 71',	10071,	'2025-05-06 16:45:43.232835',	'Size',	'Color',	7),
(374,	'shirt72',	'Auto-generated shirt number 72',	10072,	'2025-05-06 16:45:43.232835',	'Size',	'Color',	7),
(375,	'shirt73',	'Auto-generated shirt number 73',	10073,	'2025-05-06 16:45:43.232835',	'Size',	'Color',	7),
(376,	'shirt74',	'Auto-generated shirt number 74',	10074,	'2025-05-06 16:45:43.232835',	'Size',	'Color',	7),
(377,	'shirt75',	'Auto-generated shirt number 75',	10075,	'2025-05-06 16:45:43.232835',	'Size',	'Color',	7),
(378,	'shirt76',	'Auto-generated shirt number 76',	10076,	'2025-05-06 16:45:43.232835',	'Size',	'Color',	7),
(379,	'shirt77',	'Auto-generated shirt number 77',	10077,	'2025-05-06 16:45:43.232835',	'Size',	'Color',	7),
(380,	'shirt78',	'Auto-generated shirt number 78',	10078,	'2025-05-06 16:45:43.232835',	'Size',	'Color',	7),
(381,	'shirt79',	'Auto-generated shirt number 79',	10079,	'2025-05-06 16:45:43.232835',	'Size',	'Color',	7),
(382,	'shirt80',	'Auto-generated shirt number 80',	10080,	'2025-05-06 16:45:43.232835',	'Size',	'Color',	7),
(383,	'shirt81',	'Auto-generated shirt number 81',	10081,	'2025-05-06 16:45:43.232835',	'Size',	'Color',	7),
(384,	'shirt82',	'Auto-generated shirt number 82',	10082,	'2025-05-06 16:45:43.232835',	'Size',	'Color',	7),
(385,	'shirt83',	'Auto-generated shirt number 83',	10083,	'2025-05-06 16:45:43.232835',	'Size',	'Color',	7),
(386,	'shirt84',	'Auto-generated shirt number 84',	10084,	'2025-05-06 16:45:43.232835',	'Size',	'Color',	7),
(387,	'shirt85',	'Auto-generated shirt number 85',	10085,	'2025-05-06 16:45:43.232835',	'Size',	'Color',	7),
(388,	'shirt86',	'Auto-generated shirt number 86',	10086,	'2025-05-06 16:45:43.232835',	'Size',	'Color',	7),
(389,	'shirt87',	'Auto-generated shirt number 87',	10087,	'2025-05-06 16:45:43.232835',	'Size',	'Color',	7),
(390,	'shirt88',	'Auto-generated shirt number 88',	10088,	'2025-05-06 16:45:43.232835',	'Size',	'Color',	7),
(391,	'shirt89',	'Auto-generated shirt number 89',	10089,	'2025-05-06 16:45:43.232835',	'Size',	'Color',	7),
(392,	'shirt90',	'Auto-generated shirt number 90',	10090,	'2025-05-06 16:45:43.232835',	'Size',	'Color',	7),
(393,	'shirt91',	'Auto-generated shirt number 91',	10091,	'2025-05-06 16:45:43.232835',	'Size',	'Color',	7),
(394,	'shirt92',	'Auto-generated shirt number 92',	10092,	'2025-05-06 16:45:43.232835',	'Size',	'Color',	7),
(395,	'shirt93',	'Auto-generated shirt number 93',	10093,	'2025-05-06 16:45:43.232835',	'Size',	'Color',	7),
(396,	'shirt94',	'Auto-generated shirt number 94',	10094,	'2025-05-06 16:45:43.232835',	'Size',	'Color',	7),
(397,	'shirt95',	'Auto-generated shirt number 95',	10095,	'2025-05-06 16:45:43.232835',	'Size',	'Color',	7),
(398,	'shirt96',	'Auto-generated shirt number 96',	10096,	'2025-05-06 16:45:43.232835',	'Size',	'Color',	7),
(399,	'shirt97',	'Auto-generated shirt number 97',	10097,	'2025-05-06 16:45:43.232835',	'Size',	'Color',	7),
(400,	'shirt98',	'Auto-generated shirt number 98',	10098,	'2025-05-06 16:45:43.232835',	'Size',	'Color',	7),
(401,	'shirt99',	'Auto-generated shirt number 99',	10099,	'2025-05-06 16:45:43.232835',	'Size',	'Color',	7),
(402,	'shirt100',	'Auto-generated shirt number 100',	10100,	'2025-05-06 16:45:43.232835',	'Size',	'Color',	7),
(403,	'shirt101',	'Auto-generated shirt number 101',	10101,	'2025-05-06 16:45:43.232835',	'Size',	'Color',	7),
(404,	'shirt102',	'Auto-generated shirt number 102',	10102,	'2025-05-06 16:45:43.232835',	'Size',	'Color',	7),
(405,	'shirt103',	'Auto-generated shirt number 103',	10103,	'2025-05-06 16:45:43.232835',	'Size',	'Color',	7),
(406,	'shirt104',	'Auto-generated shirt number 104',	10104,	'2025-05-06 16:45:43.232835',	'Size',	'Color',	7),
(407,	'shirt105',	'Auto-generated shirt number 105',	10105,	'2025-05-06 16:45:43.232835',	'Size',	'Color',	7),
(408,	'shirt106',	'Auto-generated shirt number 106',	10106,	'2025-05-06 16:45:43.232835',	'Size',	'Color',	7),
(409,	'shirt107',	'Auto-generated shirt number 107',	10107,	'2025-05-06 16:45:43.232835',	'Size',	'Color',	7),
(410,	'shirt108',	'Auto-generated shirt number 108',	10108,	'2025-05-06 16:45:43.232835',	'Size',	'Color',	7),
(411,	'shirt109',	'Auto-generated shirt number 109',	10109,	'2025-05-06 16:45:43.232835',	'Size',	'Color',	7),
(412,	'shirt110',	'Auto-generated shirt number 110',	10110,	'2025-05-06 16:45:43.232835',	'Size',	'Color',	7),
(413,	'shirt111',	'Auto-generated shirt number 111',	10111,	'2025-05-06 16:45:43.232835',	'Size',	'Color',	7),
(414,	'shirt112',	'Auto-generated shirt number 112',	10112,	'2025-05-06 16:45:43.232835',	'Size',	'Color',	7),
(415,	'shirt113',	'Auto-generated shirt number 113',	10113,	'2025-05-06 16:45:43.232835',	'Size',	'Color',	7),
(416,	'shirt114',	'Auto-generated shirt number 114',	10114,	'2025-05-06 16:45:43.232835',	'Size',	'Color',	7),
(417,	'shirt115',	'Auto-generated shirt number 115',	10115,	'2025-05-06 16:45:43.232835',	'Size',	'Color',	7),
(418,	'shirt116',	'Auto-generated shirt number 116',	10116,	'2025-05-06 16:45:43.232835',	'Size',	'Color',	7),
(419,	'shirt117',	'Auto-generated shirt number 117',	10117,	'2025-05-06 16:45:43.232835',	'Size',	'Color',	7),
(420,	'shirt118',	'Auto-generated shirt number 118',	10118,	'2025-05-06 16:45:43.232835',	'Size',	'Color',	7),
(421,	'shirt119',	'Auto-generated shirt number 119',	10119,	'2025-05-06 16:45:43.232835',	'Size',	'Color',	7),
(422,	'shirt120',	'Auto-generated shirt number 120',	10120,	'2025-05-06 16:45:43.232835',	'Size',	'Color',	7),
(423,	'shirt121',	'Auto-generated shirt number 121',	10121,	'2025-05-06 16:45:43.232835',	'Size',	'Color',	7),
(424,	'shirt122',	'Auto-generated shirt number 122',	10122,	'2025-05-06 16:45:43.232835',	'Size',	'Color',	7),
(425,	'shirt123',	'Auto-generated shirt number 123',	10123,	'2025-05-06 16:45:43.232835',	'Size',	'Color',	7),
(426,	'shirt124',	'Auto-generated shirt number 124',	10124,	'2025-05-06 16:45:43.232835',	'Size',	'Color',	7),
(427,	'shirt125',	'Auto-generated shirt number 125',	10125,	'2025-05-06 16:45:43.232835',	'Size',	'Color',	7),
(428,	'shirt126',	'Auto-generated shirt number 126',	10126,	'2025-05-06 16:45:43.232835',	'Size',	'Color',	7),
(429,	'shirt127',	'Auto-generated shirt number 127',	10127,	'2025-05-06 16:45:43.232835',	'Size',	'Color',	7),
(430,	'shirt128',	'Auto-generated shirt number 128',	10128,	'2025-05-06 16:45:43.232835',	'Size',	'Color',	7),
(431,	'shirt129',	'Auto-generated shirt number 129',	10129,	'2025-05-06 16:45:43.232835',	'Size',	'Color',	7),
(432,	'shirt130',	'Auto-generated shirt number 130',	10130,	'2025-05-06 16:45:43.232835',	'Size',	'Color',	7),
(433,	'shirt131',	'Auto-generated shirt number 131',	10131,	'2025-05-06 16:45:43.232835',	'Size',	'Color',	7),
(434,	'shirt132',	'Auto-generated shirt number 132',	10132,	'2025-05-06 16:45:43.232835',	'Size',	'Color',	7),
(435,	'shirt133',	'Auto-generated shirt number 133',	10133,	'2025-05-06 16:45:43.232835',	'Size',	'Color',	7),
(436,	'shirt134',	'Auto-generated shirt number 134',	10134,	'2025-05-06 16:45:43.232835',	'Size',	'Color',	7),
(437,	'shirt135',	'Auto-generated shirt number 135',	10135,	'2025-05-06 16:45:43.232835',	'Size',	'Color',	7),
(438,	'shirt136',	'Auto-generated shirt number 136',	10136,	'2025-05-06 16:45:43.232835',	'Size',	'Color',	7),
(439,	'shirt137',	'Auto-generated shirt number 137',	10137,	'2025-05-06 16:45:43.232835',	'Size',	'Color',	7),
(440,	'shirt138',	'Auto-generated shirt number 138',	10138,	'2025-05-06 16:45:43.232835',	'Size',	'Color',	7),
(441,	'shirt139',	'Auto-generated shirt number 139',	10139,	'2025-05-06 16:45:43.232835',	'Size',	'Color',	7),
(442,	'shirt140',	'Auto-generated shirt number 140',	10140,	'2025-05-06 16:45:43.232835',	'Size',	'Color',	7),
(443,	'shirt141',	'Auto-generated shirt number 141',	10141,	'2025-05-06 16:45:43.232835',	'Size',	'Color',	7),
(444,	'shirt142',	'Auto-generated shirt number 142',	10142,	'2025-05-06 16:45:43.232835',	'Size',	'Color',	7),
(445,	'shirt143',	'Auto-generated shirt number 143',	10143,	'2025-05-06 16:45:43.232835',	'Size',	'Color',	7),
(446,	'shirt144',	'Auto-generated shirt number 144',	10144,	'2025-05-06 16:45:43.232835',	'Size',	'Color',	7),
(447,	'shirt145',	'Auto-generated shirt number 145',	10145,	'2025-05-06 16:45:43.232835',	'Size',	'Color',	7),
(448,	'shirt146',	'Auto-generated shirt number 146',	10146,	'2025-05-06 16:45:43.232835',	'Size',	'Color',	7),
(449,	'shirt147',	'Auto-generated shirt number 147',	10147,	'2025-05-06 16:45:43.232835',	'Size',	'Color',	7),
(450,	'shirt148',	'Auto-generated shirt number 148',	10148,	'2025-05-06 16:45:43.232835',	'Size',	'Color',	7),
(451,	'shirt149',	'Auto-generated shirt number 149',	10149,	'2025-05-06 16:45:43.232835',	'Size',	'Color',	7),
(452,	'shirt150',	'Auto-generated shirt number 150',	10150,	'2025-05-06 16:45:43.232835',	'Size',	'Color',	7),
(453,	'shirt151',	'Auto-generated shirt number 151',	10151,	'2025-05-06 16:45:43.232835',	'Size',	'Color',	7),
(454,	'shirt152',	'Auto-generated shirt number 152',	10152,	'2025-05-06 16:45:43.232835',	'Size',	'Color',	7),
(455,	'shirt153',	'Auto-generated shirt number 153',	10153,	'2025-05-06 16:45:43.232835',	'Size',	'Color',	7),
(456,	'shirt154',	'Auto-generated shirt number 154',	10154,	'2025-05-06 16:45:43.232835',	'Size',	'Color',	7),
(457,	'shirt155',	'Auto-generated shirt number 155',	10155,	'2025-05-06 16:45:43.232835',	'Size',	'Color',	7),
(458,	'shirt156',	'Auto-generated shirt number 156',	10156,	'2025-05-06 16:45:43.232835',	'Size',	'Color',	7),
(459,	'shirt157',	'Auto-generated shirt number 157',	10157,	'2025-05-06 16:45:43.232835',	'Size',	'Color',	7),
(460,	'shirt158',	'Auto-generated shirt number 158',	10158,	'2025-05-06 16:45:43.232835',	'Size',	'Color',	7),
(461,	'shirt159',	'Auto-generated shirt number 159',	10159,	'2025-05-06 16:45:43.232835',	'Size',	'Color',	7),
(462,	'shirt160',	'Auto-generated shirt number 160',	10160,	'2025-05-06 16:45:43.232835',	'Size',	'Color',	7),
(463,	'shirt161',	'Auto-generated shirt number 161',	10161,	'2025-05-06 16:45:43.232835',	'Size',	'Color',	7),
(464,	'shirt162',	'Auto-generated shirt number 162',	10162,	'2025-05-06 16:45:43.232835',	'Size',	'Color',	7),
(465,	'shirt163',	'Auto-generated shirt number 163',	10163,	'2025-05-06 16:45:43.232835',	'Size',	'Color',	7),
(466,	'shirt164',	'Auto-generated shirt number 164',	10164,	'2025-05-06 16:45:43.232835',	'Size',	'Color',	7),
(467,	'shirt165',	'Auto-generated shirt number 165',	10165,	'2025-05-06 16:45:43.232835',	'Size',	'Color',	7),
(468,	'shirt166',	'Auto-generated shirt number 166',	10166,	'2025-05-06 16:45:43.232835',	'Size',	'Color',	7),
(469,	'shirt167',	'Auto-generated shirt number 167',	10167,	'2025-05-06 16:45:43.232835',	'Size',	'Color',	7),
(470,	'shirt168',	'Auto-generated shirt number 168',	10168,	'2025-05-06 16:45:43.232835',	'Size',	'Color',	7),
(471,	'shirt169',	'Auto-generated shirt number 169',	10169,	'2025-05-06 16:45:43.232835',	'Size',	'Color',	7),
(472,	'shirt170',	'Auto-generated shirt number 170',	10170,	'2025-05-06 16:45:43.232835',	'Size',	'Color',	7),
(473,	'shirt171',	'Auto-generated shirt number 171',	10171,	'2025-05-06 16:45:43.232835',	'Size',	'Color',	7),
(474,	'shirt172',	'Auto-generated shirt number 172',	10172,	'2025-05-06 16:45:43.232835',	'Size',	'Color',	7),
(475,	'shirt173',	'Auto-generated shirt number 173',	10173,	'2025-05-06 16:45:43.232835',	'Size',	'Color',	7),
(476,	'shirt174',	'Auto-generated shirt number 174',	10174,	'2025-05-06 16:45:43.232835',	'Size',	'Color',	7),
(477,	'shirt175',	'Auto-generated shirt number 175',	10175,	'2025-05-06 16:45:43.232835',	'Size',	'Color',	7),
(478,	'shirt176',	'Auto-generated shirt number 176',	10176,	'2025-05-06 16:45:43.232835',	'Size',	'Color',	7),
(479,	'shirt177',	'Auto-generated shirt number 177',	10177,	'2025-05-06 16:45:43.232835',	'Size',	'Color',	7),
(480,	'shirt178',	'Auto-generated shirt number 178',	10178,	'2025-05-06 16:45:43.232835',	'Size',	'Color',	7),
(481,	'shirt179',	'Auto-generated shirt number 179',	10179,	'2025-05-06 16:45:43.232835',	'Size',	'Color',	7),
(482,	'shirt180',	'Auto-generated shirt number 180',	10180,	'2025-05-06 16:45:43.232835',	'Size',	'Color',	7),
(483,	'shirt181',	'Auto-generated shirt number 181',	10181,	'2025-05-06 16:45:43.232835',	'Size',	'Color',	7),
(484,	'shirt182',	'Auto-generated shirt number 182',	10182,	'2025-05-06 16:45:43.232835',	'Size',	'Color',	7),
(485,	'shirt183',	'Auto-generated shirt number 183',	10183,	'2025-05-06 16:45:43.232835',	'Size',	'Color',	7),
(486,	'shirt184',	'Auto-generated shirt number 184',	10184,	'2025-05-06 16:45:43.232835',	'Size',	'Color',	7),
(487,	'shirt185',	'Auto-generated shirt number 185',	10185,	'2025-05-06 16:45:43.232835',	'Size',	'Color',	7),
(488,	'shirt186',	'Auto-generated shirt number 186',	10186,	'2025-05-06 16:45:43.232835',	'Size',	'Color',	7),
(489,	'shirt187',	'Auto-generated shirt number 187',	10187,	'2025-05-06 16:45:43.232835',	'Size',	'Color',	7),
(490,	'shirt188',	'Auto-generated shirt number 188',	10188,	'2025-05-06 16:45:43.232835',	'Size',	'Color',	7),
(491,	'shirt189',	'Auto-generated shirt number 189',	10189,	'2025-05-06 16:45:43.232835',	'Size',	'Color',	7),
(492,	'shirt190',	'Auto-generated shirt number 190',	10190,	'2025-05-06 16:45:43.232835',	'Size',	'Color',	7),
(493,	'shirt191',	'Auto-generated shirt number 191',	10191,	'2025-05-06 16:45:43.232835',	'Size',	'Color',	7),
(494,	'shirt192',	'Auto-generated shirt number 192',	10192,	'2025-05-06 16:45:43.232835',	'Size',	'Color',	7),
(495,	'shirt193',	'Auto-generated shirt number 193',	10193,	'2025-05-06 16:45:43.232835',	'Size',	'Color',	7),
(496,	'shirt194',	'Auto-generated shirt number 194',	10194,	'2025-05-06 16:45:43.232835',	'Size',	'Color',	7),
(497,	'shirt195',	'Auto-generated shirt number 195',	10195,	'2025-05-06 16:45:43.232835',	'Size',	'Color',	7),
(498,	'shirt196',	'Auto-generated shirt number 196',	10196,	'2025-05-06 16:45:43.232835',	'Size',	'Color',	7),
(499,	'shirt197',	'Auto-generated shirt number 197',	10197,	'2025-05-06 16:45:43.232835',	'Size',	'Color',	7),
(500,	'shirt198',	'Auto-generated shirt number 198',	10198,	'2025-05-06 16:45:43.232835',	'Size',	'Color',	7),
(501,	'shirt199',	'Auto-generated shirt number 199',	10199,	'2025-05-06 16:45:43.232835',	'Size',	'Color',	7),
(502,	'shirt200',	'Auto-generated shirt number 200',	10200,	'2025-05-06 16:45:43.232835',	'Size',	'Color',	7),
(503,	'shirt201',	'Auto-generated shirt number 201',	10201,	'2025-05-06 16:45:43.232835',	'Size',	'Color',	7),
(504,	'shirt202',	'Auto-generated shirt number 202',	10202,	'2025-05-06 16:45:43.232835',	'Size',	'Color',	7),
(505,	'shirt203',	'Auto-generated shirt number 203',	10203,	'2025-05-06 16:45:43.232835',	'Size',	'Color',	7),
(506,	'shirt204',	'Auto-generated shirt number 204',	10204,	'2025-05-06 16:45:43.232835',	'Size',	'Color',	7),
(507,	'shirt205',	'Auto-generated shirt number 205',	10205,	'2025-05-06 16:45:43.232835',	'Size',	'Color',	7),
(508,	'shirt206',	'Auto-generated shirt number 206',	10206,	'2025-05-06 16:45:43.232835',	'Size',	'Color',	7),
(509,	'shirt207',	'Auto-generated shirt number 207',	10207,	'2025-05-06 16:45:43.232835',	'Size',	'Color',	7),
(510,	'shirt208',	'Auto-generated shirt number 208',	10208,	'2025-05-06 16:45:43.232835',	'Size',	'Color',	7),
(511,	'shirt209',	'Auto-generated shirt number 209',	10209,	'2025-05-06 16:45:43.232835',	'Size',	'Color',	7),
(512,	'shirt210',	'Auto-generated shirt number 210',	10210,	'2025-05-06 16:45:43.232835',	'Size',	'Color',	7),
(513,	'shirt211',	'Auto-generated shirt number 211',	10211,	'2025-05-06 16:45:43.232835',	'Size',	'Color',	7),
(514,	'shirt212',	'Auto-generated shirt number 212',	10212,	'2025-05-06 16:45:43.232835',	'Size',	'Color',	7),
(515,	'shirt213',	'Auto-generated shirt number 213',	10213,	'2025-05-06 16:45:43.232835',	'Size',	'Color',	7),
(516,	'shirt214',	'Auto-generated shirt number 214',	10214,	'2025-05-06 16:45:43.232835',	'Size',	'Color',	7),
(517,	'shirt215',	'Auto-generated shirt number 215',	10215,	'2025-05-06 16:45:43.232835',	'Size',	'Color',	7),
(518,	'shirt216',	'Auto-generated shirt number 216',	10216,	'2025-05-06 16:45:43.232835',	'Size',	'Color',	7),
(519,	'shirt217',	'Auto-generated shirt number 217',	10217,	'2025-05-06 16:45:43.232835',	'Size',	'Color',	7),
(520,	'shirt218',	'Auto-generated shirt number 218',	10218,	'2025-05-06 16:45:43.232835',	'Size',	'Color',	7),
(521,	'shirt219',	'Auto-generated shirt number 219',	10219,	'2025-05-06 16:45:43.232835',	'Size',	'Color',	7),
(522,	'shirt220',	'Auto-generated shirt number 220',	10220,	'2025-05-06 16:45:43.232835',	'Size',	'Color',	7),
(523,	'shirt221',	'Auto-generated shirt number 221',	10221,	'2025-05-06 16:45:43.232835',	'Size',	'Color',	7),
(524,	'shirt222',	'Auto-generated shirt number 222',	10222,	'2025-05-06 16:45:43.232835',	'Size',	'Color',	7),
(525,	'shirt223',	'Auto-generated shirt number 223',	10223,	'2025-05-06 16:45:43.232835',	'Size',	'Color',	7),
(526,	'shirt224',	'Auto-generated shirt number 224',	10224,	'2025-05-06 16:45:43.232835',	'Size',	'Color',	7),
(527,	'shirt225',	'Auto-generated shirt number 225',	10225,	'2025-05-06 16:45:43.232835',	'Size',	'Color',	7),
(528,	'shirt226',	'Auto-generated shirt number 226',	10226,	'2025-05-06 16:45:43.232835',	'Size',	'Color',	7),
(529,	'shirt227',	'Auto-generated shirt number 227',	10227,	'2025-05-06 16:45:43.232835',	'Size',	'Color',	7),
(530,	'shirt228',	'Auto-generated shirt number 228',	10228,	'2025-05-06 16:45:43.232835',	'Size',	'Color',	7),
(531,	'shirt229',	'Auto-generated shirt number 229',	10229,	'2025-05-06 16:45:43.232835',	'Size',	'Color',	7),
(532,	'shirt230',	'Auto-generated shirt number 230',	10230,	'2025-05-06 16:45:43.232835',	'Size',	'Color',	7),
(533,	'shirt231',	'Auto-generated shirt number 231',	10231,	'2025-05-06 16:45:43.232835',	'Size',	'Color',	7),
(534,	'shirt232',	'Auto-generated shirt number 232',	10232,	'2025-05-06 16:45:43.232835',	'Size',	'Color',	7),
(535,	'shirt233',	'Auto-generated shirt number 233',	10233,	'2025-05-06 16:45:43.232835',	'Size',	'Color',	7),
(536,	'shirt234',	'Auto-generated shirt number 234',	10234,	'2025-05-06 16:45:43.232835',	'Size',	'Color',	7),
(537,	'shirt235',	'Auto-generated shirt number 235',	10235,	'2025-05-06 16:45:43.232835',	'Size',	'Color',	7),
(538,	'shirt236',	'Auto-generated shirt number 236',	10236,	'2025-05-06 16:45:43.232835',	'Size',	'Color',	7),
(539,	'shirt237',	'Auto-generated shirt number 237',	10237,	'2025-05-06 16:45:43.232835',	'Size',	'Color',	7),
(540,	'shirt238',	'Auto-generated shirt number 238',	10238,	'2025-05-06 16:45:43.232835',	'Size',	'Color',	7),
(541,	'shirt239',	'Auto-generated shirt number 239',	10239,	'2025-05-06 16:45:43.232835',	'Size',	'Color',	7),
(542,	'shirt240',	'Auto-generated shirt number 240',	10240,	'2025-05-06 16:45:43.232835',	'Size',	'Color',	7),
(543,	'shirt241',	'Auto-generated shirt number 241',	10241,	'2025-05-06 16:45:43.232835',	'Size',	'Color',	7),
(544,	'shirt242',	'Auto-generated shirt number 242',	10242,	'2025-05-06 16:45:43.232835',	'Size',	'Color',	7),
(545,	'shirt243',	'Auto-generated shirt number 243',	10243,	'2025-05-06 16:45:43.232835',	'Size',	'Color',	7),
(546,	'shirt244',	'Auto-generated shirt number 244',	10244,	'2025-05-06 16:45:43.232835',	'Size',	'Color',	7),
(547,	'shirt245',	'Auto-generated shirt number 245',	10245,	'2025-05-06 16:45:43.232835',	'Size',	'Color',	7),
(548,	'shirt246',	'Auto-generated shirt number 246',	10246,	'2025-05-06 16:45:43.232835',	'Size',	'Color',	7),
(549,	'shirt247',	'Auto-generated shirt number 247',	10247,	'2025-05-06 16:45:43.232835',	'Size',	'Color',	7),
(550,	'shirt248',	'Auto-generated shirt number 248',	10248,	'2025-05-06 16:45:43.232835',	'Size',	'Color',	7),
(551,	'shirt249',	'Auto-generated shirt number 249',	10249,	'2025-05-06 16:45:43.232835',	'Size',	'Color',	7),
(552,	'shirt250',	'Auto-generated shirt number 250',	10250,	'2025-05-06 16:45:43.232835',	'Size',	'Color',	7),
(553,	'shirt251',	'Auto-generated shirt number 251',	10251,	'2025-05-06 16:45:43.232835',	'Size',	'Color',	7),
(554,	'shirt252',	'Auto-generated shirt number 252',	10252,	'2025-05-06 16:45:43.232835',	'Size',	'Color',	7),
(555,	'shirt253',	'Auto-generated shirt number 253',	10253,	'2025-05-06 16:45:43.232835',	'Size',	'Color',	7),
(556,	'shirt254',	'Auto-generated shirt number 254',	10254,	'2025-05-06 16:45:43.232835',	'Size',	'Color',	7),
(557,	'shirt255',	'Auto-generated shirt number 255',	10255,	'2025-05-06 16:45:43.232835',	'Size',	'Color',	7),
(558,	'shirt256',	'Auto-generated shirt number 256',	10256,	'2025-05-06 16:45:43.232835',	'Size',	'Color',	7),
(559,	'shirt257',	'Auto-generated shirt number 257',	10257,	'2025-05-06 16:45:43.232835',	'Size',	'Color',	7),
(560,	'shirt258',	'Auto-generated shirt number 258',	10258,	'2025-05-06 16:45:43.232835',	'Size',	'Color',	7),
(561,	'shirt259',	'Auto-generated shirt number 259',	10259,	'2025-05-06 16:45:43.232835',	'Size',	'Color',	7),
(562,	'shirt260',	'Auto-generated shirt number 260',	10260,	'2025-05-06 16:45:43.232835',	'Size',	'Color',	7),
(563,	'shirt261',	'Auto-generated shirt number 261',	10261,	'2025-05-06 16:45:43.232835',	'Size',	'Color',	7),
(564,	'shirt262',	'Auto-generated shirt number 262',	10262,	'2025-05-06 16:45:43.232835',	'Size',	'Color',	7),
(565,	'shirt263',	'Auto-generated shirt number 263',	10263,	'2025-05-06 16:45:43.232835',	'Size',	'Color',	7),
(566,	'shirt264',	'Auto-generated shirt number 264',	10264,	'2025-05-06 16:45:43.232835',	'Size',	'Color',	7),
(567,	'shirt265',	'Auto-generated shirt number 265',	10265,	'2025-05-06 16:45:43.232835',	'Size',	'Color',	7),
(568,	'shirt266',	'Auto-generated shirt number 266',	10266,	'2025-05-06 16:45:43.232835',	'Size',	'Color',	7),
(569,	'shirt267',	'Auto-generated shirt number 267',	10267,	'2025-05-06 16:45:43.232835',	'Size',	'Color',	7),
(570,	'shirt268',	'Auto-generated shirt number 268',	10268,	'2025-05-06 16:45:43.232835',	'Size',	'Color',	7),
(571,	'shirt269',	'Auto-generated shirt number 269',	10269,	'2025-05-06 16:45:43.232835',	'Size',	'Color',	7),
(572,	'shirt270',	'Auto-generated shirt number 270',	10270,	'2025-05-06 16:45:43.232835',	'Size',	'Color',	7),
(573,	'shirt271',	'Auto-generated shirt number 271',	10271,	'2025-05-06 16:45:43.232835',	'Size',	'Color',	7),
(574,	'shirt272',	'Auto-generated shirt number 272',	10272,	'2025-05-06 16:45:43.232835',	'Size',	'Color',	7),
(575,	'shirt273',	'Auto-generated shirt number 273',	10273,	'2025-05-06 16:45:43.232835',	'Size',	'Color',	7),
(576,	'shirt274',	'Auto-generated shirt number 274',	10274,	'2025-05-06 16:45:43.232835',	'Size',	'Color',	7),
(577,	'shirt275',	'Auto-generated shirt number 275',	10275,	'2025-05-06 16:45:43.232835',	'Size',	'Color',	7),
(578,	'shirt276',	'Auto-generated shirt number 276',	10276,	'2025-05-06 16:45:43.232835',	'Size',	'Color',	7),
(579,	'shirt277',	'Auto-generated shirt number 277',	10277,	'2025-05-06 16:45:43.232835',	'Size',	'Color',	7),
(580,	'shirt278',	'Auto-generated shirt number 278',	10278,	'2025-05-06 16:45:43.232835',	'Size',	'Color',	7),
(581,	'shirt279',	'Auto-generated shirt number 279',	10279,	'2025-05-06 16:45:43.232835',	'Size',	'Color',	7),
(582,	'shirt280',	'Auto-generated shirt number 280',	10280,	'2025-05-06 16:45:43.232835',	'Size',	'Color',	7),
(583,	'shirt281',	'Auto-generated shirt number 281',	10281,	'2025-05-06 16:45:43.232835',	'Size',	'Color',	7),
(584,	'shirt282',	'Auto-generated shirt number 282',	10282,	'2025-05-06 16:45:43.232835',	'Size',	'Color',	7),
(585,	'shirt283',	'Auto-generated shirt number 283',	10283,	'2025-05-06 16:45:43.232835',	'Size',	'Color',	7),
(586,	'shirt284',	'Auto-generated shirt number 284',	10284,	'2025-05-06 16:45:43.232835',	'Size',	'Color',	7),
(587,	'shirt285',	'Auto-generated shirt number 285',	10285,	'2025-05-06 16:45:43.232835',	'Size',	'Color',	7),
(588,	'shirt286',	'Auto-generated shirt number 286',	10286,	'2025-05-06 16:45:43.232835',	'Size',	'Color',	7),
(589,	'shirt287',	'Auto-generated shirt number 287',	10287,	'2025-05-06 16:45:43.232835',	'Size',	'Color',	7),
(590,	'shirt288',	'Auto-generated shirt number 288',	10288,	'2025-05-06 16:45:43.232835',	'Size',	'Color',	7),
(591,	'shirt289',	'Auto-generated shirt number 289',	10289,	'2025-05-06 16:45:43.232835',	'Size',	'Color',	7),
(592,	'shirt290',	'Auto-generated shirt number 290',	10290,	'2025-05-06 16:45:43.232835',	'Size',	'Color',	7),
(593,	'shirt291',	'Auto-generated shirt number 291',	10291,	'2025-05-06 16:45:43.232835',	'Size',	'Color',	7),
(594,	'shirt292',	'Auto-generated shirt number 292',	10292,	'2025-05-06 16:45:43.232835',	'Size',	'Color',	7),
(595,	'shirt293',	'Auto-generated shirt number 293',	10293,	'2025-05-06 16:45:43.232835',	'Size',	'Color',	7),
(596,	'shirt294',	'Auto-generated shirt number 294',	10294,	'2025-05-06 16:45:43.232835',	'Size',	'Color',	7),
(597,	'shirt295',	'Auto-generated shirt number 295',	10295,	'2025-05-06 16:45:43.232835',	'Size',	'Color',	7),
(598,	'shirt296',	'Auto-generated shirt number 296',	10296,	'2025-05-06 16:45:43.232835',	'Size',	'Color',	7),
(599,	'shirt297',	'Auto-generated shirt number 297',	10297,	'2025-05-06 16:45:43.232835',	'Size',	'Color',	7),
(600,	'shirt298',	'Auto-generated shirt number 298',	10298,	'2025-05-06 16:45:43.232835',	'Size',	'Color',	7),
(601,	'shirt299',	'Auto-generated shirt number 299',	10299,	'2025-05-06 16:45:43.232835',	'Size',	'Color',	7),
(602,	'shirt300',	'Auto-generated shirt number 300',	10300,	'2025-05-06 16:45:43.232835',	'Size',	'Color',	7),
(603,	'shirt301',	'Auto-generated shirt number 301',	10301,	'2025-05-06 16:45:43.232835',	'Size',	'Color',	7),
(604,	'shirt302',	'Auto-generated shirt number 302',	10302,	'2025-05-06 16:45:43.232835',	'Size',	'Color',	7),
(605,	'shirt303',	'Auto-generated shirt number 303',	10303,	'2025-05-06 16:45:43.232835',	'Size',	'Color',	7),
(606,	'shirt304',	'Auto-generated shirt number 304',	10304,	'2025-05-06 16:45:43.232835',	'Size',	'Color',	7),
(607,	'shirt305',	'Auto-generated shirt number 305',	10305,	'2025-05-06 16:45:43.232835',	'Size',	'Color',	7),
(608,	'shirt306',	'Auto-generated shirt number 306',	10306,	'2025-05-06 16:45:43.232835',	'Size',	'Color',	7),
(609,	'shirt307',	'Auto-generated shirt number 307',	10307,	'2025-05-06 16:45:43.232835',	'Size',	'Color',	7),
(610,	'shirt308',	'Auto-generated shirt number 308',	10308,	'2025-05-06 16:45:43.232835',	'Size',	'Color',	7),
(611,	'shirt309',	'Auto-generated shirt number 309',	10309,	'2025-05-06 16:45:43.232835',	'Size',	'Color',	7),
(612,	'shirt310',	'Auto-generated shirt number 310',	10310,	'2025-05-06 16:45:43.232835',	'Size',	'Color',	7),
(613,	'shirt311',	'Auto-generated shirt number 311',	10311,	'2025-05-06 16:45:43.232835',	'Size',	'Color',	7),
(614,	'shirt312',	'Auto-generated shirt number 312',	10312,	'2025-05-06 16:45:43.232835',	'Size',	'Color',	7),
(615,	'shirt313',	'Auto-generated shirt number 313',	10313,	'2025-05-06 16:45:43.232835',	'Size',	'Color',	7),
(616,	'shirt314',	'Auto-generated shirt number 314',	10314,	'2025-05-06 16:45:43.232835',	'Size',	'Color',	7),
(617,	'shirt315',	'Auto-generated shirt number 315',	10315,	'2025-05-06 16:45:43.232835',	'Size',	'Color',	7),
(618,	'shirt316',	'Auto-generated shirt number 316',	10316,	'2025-05-06 16:45:43.232835',	'Size',	'Color',	7),
(619,	'shirt317',	'Auto-generated shirt number 317',	10317,	'2025-05-06 16:45:43.232835',	'Size',	'Color',	7),
(620,	'shirt318',	'Auto-generated shirt number 318',	10318,	'2025-05-06 16:45:43.232835',	'Size',	'Color',	7),
(621,	'shirt319',	'Auto-generated shirt number 319',	10319,	'2025-05-06 16:45:43.232835',	'Size',	'Color',	7),
(622,	'shirt320',	'Auto-generated shirt number 320',	10320,	'2025-05-06 16:45:43.232835',	'Size',	'Color',	7),
(623,	'shirt321',	'Auto-generated shirt number 321',	10321,	'2025-05-06 16:45:43.232835',	'Size',	'Color',	7),
(624,	'shirt322',	'Auto-generated shirt number 322',	10322,	'2025-05-06 16:45:43.232835',	'Size',	'Color',	7),
(625,	'shirt323',	'Auto-generated shirt number 323',	10323,	'2025-05-06 16:45:43.232835',	'Size',	'Color',	7),
(626,	'shirt324',	'Auto-generated shirt number 324',	10324,	'2025-05-06 16:45:43.232835',	'Size',	'Color',	7),
(627,	'shirt325',	'Auto-generated shirt number 325',	10325,	'2025-05-06 16:45:43.232835',	'Size',	'Color',	7),
(628,	'shirt326',	'Auto-generated shirt number 326',	10326,	'2025-05-06 16:45:43.232835',	'Size',	'Color',	7),
(629,	'shirt327',	'Auto-generated shirt number 327',	10327,	'2025-05-06 16:45:43.232835',	'Size',	'Color',	7),
(630,	'shirt328',	'Auto-generated shirt number 328',	10328,	'2025-05-06 16:45:43.232835',	'Size',	'Color',	7),
(631,	'shirt329',	'Auto-generated shirt number 329',	10329,	'2025-05-06 16:45:43.232835',	'Size',	'Color',	7),
(632,	'shirt330',	'Auto-generated shirt number 330',	10330,	'2025-05-06 16:45:43.232835',	'Size',	'Color',	7),
(633,	'shirt331',	'Auto-generated shirt number 331',	10331,	'2025-05-06 16:45:43.232835',	'Size',	'Color',	7),
(634,	'shirt332',	'Auto-generated shirt number 332',	10332,	'2025-05-06 16:45:43.232835',	'Size',	'Color',	7),
(635,	'shirt333',	'Auto-generated shirt number 333',	10333,	'2025-05-06 16:45:43.232835',	'Size',	'Color',	7),
(636,	'shirt334',	'Auto-generated shirt number 334',	10334,	'2025-05-06 16:45:43.232835',	'Size',	'Color',	7),
(637,	'shirt335',	'Auto-generated shirt number 335',	10335,	'2025-05-06 16:45:43.232835',	'Size',	'Color',	7),
(638,	'shirt336',	'Auto-generated shirt number 336',	10336,	'2025-05-06 16:45:43.232835',	'Size',	'Color',	7),
(639,	'shirt337',	'Auto-generated shirt number 337',	10337,	'2025-05-06 16:45:43.232835',	'Size',	'Color',	7),
(640,	'shirt338',	'Auto-generated shirt number 338',	10338,	'2025-05-06 16:45:43.232835',	'Size',	'Color',	7),
(641,	'shirt339',	'Auto-generated shirt number 339',	10339,	'2025-05-06 16:45:43.232835',	'Size',	'Color',	7),
(642,	'shirt340',	'Auto-generated shirt number 340',	10340,	'2025-05-06 16:45:43.232835',	'Size',	'Color',	7),
(643,	'shirt341',	'Auto-generated shirt number 341',	10341,	'2025-05-06 16:45:43.232835',	'Size',	'Color',	7),
(644,	'shirt342',	'Auto-generated shirt number 342',	10342,	'2025-05-06 16:45:43.232835',	'Size',	'Color',	7),
(645,	'shirt343',	'Auto-generated shirt number 343',	10343,	'2025-05-06 16:45:43.232835',	'Size',	'Color',	7),
(646,	'shirt344',	'Auto-generated shirt number 344',	10344,	'2025-05-06 16:45:43.232835',	'Size',	'Color',	7),
(647,	'shirt345',	'Auto-generated shirt number 345',	10345,	'2025-05-06 16:45:43.232835',	'Size',	'Color',	7),
(648,	'shirt346',	'Auto-generated shirt number 346',	10346,	'2025-05-06 16:45:43.232835',	'Size',	'Color',	7),
(649,	'shirt347',	'Auto-generated shirt number 347',	10347,	'2025-05-06 16:45:43.232835',	'Size',	'Color',	7),
(650,	'shirt348',	'Auto-generated shirt number 348',	10348,	'2025-05-06 16:45:43.232835',	'Size',	'Color',	7),
(651,	'shirt349',	'Auto-generated shirt number 349',	10349,	'2025-05-06 16:45:43.232835',	'Size',	'Color',	7),
(652,	'shirt350',	'Auto-generated shirt number 350',	10350,	'2025-05-06 16:45:43.232835',	'Size',	'Color',	7),
(653,	'shirt351',	'Auto-generated shirt number 351',	10351,	'2025-05-06 16:45:43.232835',	'Size',	'Color',	7),
(654,	'shirt352',	'Auto-generated shirt number 352',	10352,	'2025-05-06 16:45:43.232835',	'Size',	'Color',	7),
(655,	'shirt353',	'Auto-generated shirt number 353',	10353,	'2025-05-06 16:45:43.232835',	'Size',	'Color',	7),
(656,	'shirt354',	'Auto-generated shirt number 354',	10354,	'2025-05-06 16:45:43.232835',	'Size',	'Color',	7),
(657,	'shirt355',	'Auto-generated shirt number 355',	10355,	'2025-05-06 16:45:43.232835',	'Size',	'Color',	7),
(658,	'shirt356',	'Auto-generated shirt number 356',	10356,	'2025-05-06 16:45:43.232835',	'Size',	'Color',	7),
(659,	'shirt357',	'Auto-generated shirt number 357',	10357,	'2025-05-06 16:45:43.232835',	'Size',	'Color',	7),
(660,	'shirt358',	'Auto-generated shirt number 358',	10358,	'2025-05-06 16:45:43.232835',	'Size',	'Color',	7),
(661,	'shirt359',	'Auto-generated shirt number 359',	10359,	'2025-05-06 16:45:43.232835',	'Size',	'Color',	7),
(662,	'shirt360',	'Auto-generated shirt number 360',	10360,	'2025-05-06 16:45:43.232835',	'Size',	'Color',	7),
(663,	'shirt361',	'Auto-generated shirt number 361',	10361,	'2025-05-06 16:45:43.232835',	'Size',	'Color',	7),
(664,	'shirt362',	'Auto-generated shirt number 362',	10362,	'2025-05-06 16:45:43.232835',	'Size',	'Color',	7),
(665,	'shirt363',	'Auto-generated shirt number 363',	10363,	'2025-05-06 16:45:43.232835',	'Size',	'Color',	7),
(666,	'shirt364',	'Auto-generated shirt number 364',	10364,	'2025-05-06 16:45:43.232835',	'Size',	'Color',	7),
(667,	'shirt365',	'Auto-generated shirt number 365',	10365,	'2025-05-06 16:45:43.232835',	'Size',	'Color',	7),
(668,	'shirt366',	'Auto-generated shirt number 366',	10366,	'2025-05-06 16:45:43.232835',	'Size',	'Color',	7),
(669,	'shirt367',	'Auto-generated shirt number 367',	10367,	'2025-05-06 16:45:43.232835',	'Size',	'Color',	7),
(670,	'shirt368',	'Auto-generated shirt number 368',	10368,	'2025-05-06 16:45:43.232835',	'Size',	'Color',	7),
(671,	'shirt369',	'Auto-generated shirt number 369',	10369,	'2025-05-06 16:45:43.232835',	'Size',	'Color',	7),
(672,	'shirt370',	'Auto-generated shirt number 370',	10370,	'2025-05-06 16:45:43.232835',	'Size',	'Color',	7),
(673,	'shirt371',	'Auto-generated shirt number 371',	10371,	'2025-05-06 16:45:43.232835',	'Size',	'Color',	7),
(674,	'shirt372',	'Auto-generated shirt number 372',	10372,	'2025-05-06 16:45:43.232835',	'Size',	'Color',	7),
(675,	'shirt373',	'Auto-generated shirt number 373',	10373,	'2025-05-06 16:45:43.232835',	'Size',	'Color',	7),
(676,	'shirt374',	'Auto-generated shirt number 374',	10374,	'2025-05-06 16:45:43.232835',	'Size',	'Color',	7),
(677,	'shirt375',	'Auto-generated shirt number 375',	10375,	'2025-05-06 16:45:43.232835',	'Size',	'Color',	7),
(678,	'shirt376',	'Auto-generated shirt number 376',	10376,	'2025-05-06 16:45:43.232835',	'Size',	'Color',	7),
(679,	'shirt377',	'Auto-generated shirt number 377',	10377,	'2025-05-06 16:45:43.232835',	'Size',	'Color',	7),
(680,	'shirt378',	'Auto-generated shirt number 378',	10378,	'2025-05-06 16:45:43.232835',	'Size',	'Color',	7),
(681,	'shirt379',	'Auto-generated shirt number 379',	10379,	'2025-05-06 16:45:43.232835',	'Size',	'Color',	7),
(682,	'shirt380',	'Auto-generated shirt number 380',	10380,	'2025-05-06 16:45:43.232835',	'Size',	'Color',	7),
(683,	'shirt381',	'Auto-generated shirt number 381',	10381,	'2025-05-06 16:45:43.232835',	'Size',	'Color',	7),
(684,	'shirt382',	'Auto-generated shirt number 382',	10382,	'2025-05-06 16:45:43.232835',	'Size',	'Color',	7),
(685,	'shirt383',	'Auto-generated shirt number 383',	10383,	'2025-05-06 16:45:43.232835',	'Size',	'Color',	7),
(686,	'shirt384',	'Auto-generated shirt number 384',	10384,	'2025-05-06 16:45:43.232835',	'Size',	'Color',	7),
(687,	'shirt385',	'Auto-generated shirt number 385',	10385,	'2025-05-06 16:45:43.232835',	'Size',	'Color',	7),
(688,	'shirt386',	'Auto-generated shirt number 386',	10386,	'2025-05-06 16:45:43.232835',	'Size',	'Color',	7),
(689,	'shirt387',	'Auto-generated shirt number 387',	10387,	'2025-05-06 16:45:43.232835',	'Size',	'Color',	7),
(690,	'shirt388',	'Auto-generated shirt number 388',	10388,	'2025-05-06 16:45:43.232835',	'Size',	'Color',	7),
(691,	'shirt389',	'Auto-generated shirt number 389',	10389,	'2025-05-06 16:45:43.232835',	'Size',	'Color',	7),
(692,	'shirt390',	'Auto-generated shirt number 390',	10390,	'2025-05-06 16:45:43.232835',	'Size',	'Color',	7),
(693,	'shirt391',	'Auto-generated shirt number 391',	10391,	'2025-05-06 16:45:43.232835',	'Size',	'Color',	7),
(694,	'shirt392',	'Auto-generated shirt number 392',	10392,	'2025-05-06 16:45:43.232835',	'Size',	'Color',	7),
(695,	'shirt393',	'Auto-generated shirt number 393',	10393,	'2025-05-06 16:45:43.232835',	'Size',	'Color',	7),
(696,	'shirt394',	'Auto-generated shirt number 394',	10394,	'2025-05-06 16:45:43.232835',	'Size',	'Color',	7),
(697,	'shirt395',	'Auto-generated shirt number 395',	10395,	'2025-05-06 16:45:43.232835',	'Size',	'Color',	7),
(698,	'shirt396',	'Auto-generated shirt number 396',	10396,	'2025-05-06 16:45:43.232835',	'Size',	'Color',	7),
(699,	'shirt397',	'Auto-generated shirt number 397',	10397,	'2025-05-06 16:45:43.232835',	'Size',	'Color',	7),
(700,	'shirt398',	'Auto-generated shirt number 398',	10398,	'2025-05-06 16:45:43.232835',	'Size',	'Color',	7),
(701,	'shirt399',	'Auto-generated shirt number 399',	10399,	'2025-05-06 16:45:43.232835',	'Size',	'Color',	7),
(702,	'shirt400',	'Auto-generated shirt number 400',	10400,	'2025-05-06 16:45:43.232835',	'Size',	'Color',	7),
(703,	'shirt401',	'Auto-generated shirt number 401',	10401,	'2025-05-06 16:45:43.232835',	'Size',	'Color',	7),
(704,	'shirt402',	'Auto-generated shirt number 402',	10402,	'2025-05-06 16:45:43.232835',	'Size',	'Color',	7),
(705,	'shirt403',	'Auto-generated shirt number 403',	10403,	'2025-05-06 16:45:43.232835',	'Size',	'Color',	7),
(706,	'shirt404',	'Auto-generated shirt number 404',	10404,	'2025-05-06 16:45:43.232835',	'Size',	'Color',	7),
(707,	'shirt405',	'Auto-generated shirt number 405',	10405,	'2025-05-06 16:45:43.232835',	'Size',	'Color',	7),
(708,	'shirt406',	'Auto-generated shirt number 406',	10406,	'2025-05-06 16:45:43.232835',	'Size',	'Color',	7),
(709,	'shirt407',	'Auto-generated shirt number 407',	10407,	'2025-05-06 16:45:43.232835',	'Size',	'Color',	7),
(710,	'shirt408',	'Auto-generated shirt number 408',	10408,	'2025-05-06 16:45:43.232835',	'Size',	'Color',	7),
(711,	'shirt409',	'Auto-generated shirt number 409',	10409,	'2025-05-06 16:45:43.232835',	'Size',	'Color',	7),
(712,	'shirt410',	'Auto-generated shirt number 410',	10410,	'2025-05-06 16:45:43.232835',	'Size',	'Color',	7),
(713,	'shirt411',	'Auto-generated shirt number 411',	10411,	'2025-05-06 16:45:43.232835',	'Size',	'Color',	7),
(714,	'shirt412',	'Auto-generated shirt number 412',	10412,	'2025-05-06 16:45:43.232835',	'Size',	'Color',	7),
(715,	'shirt413',	'Auto-generated shirt number 413',	10413,	'2025-05-06 16:45:43.232835',	'Size',	'Color',	7),
(716,	'shirt414',	'Auto-generated shirt number 414',	10414,	'2025-05-06 16:45:43.232835',	'Size',	'Color',	7),
(717,	'shirt415',	'Auto-generated shirt number 415',	10415,	'2025-05-06 16:45:43.232835',	'Size',	'Color',	7),
(718,	'shirt416',	'Auto-generated shirt number 416',	10416,	'2025-05-06 16:45:43.232835',	'Size',	'Color',	7),
(719,	'shirt417',	'Auto-generated shirt number 417',	10417,	'2025-05-06 16:45:43.232835',	'Size',	'Color',	7),
(720,	'shirt418',	'Auto-generated shirt number 418',	10418,	'2025-05-06 16:45:43.232835',	'Size',	'Color',	7),
(721,	'shirt419',	'Auto-generated shirt number 419',	10419,	'2025-05-06 16:45:43.232835',	'Size',	'Color',	7),
(722,	'shirt420',	'Auto-generated shirt number 420',	10420,	'2025-05-06 16:45:43.232835',	'Size',	'Color',	7),
(723,	'shirt421',	'Auto-generated shirt number 421',	10421,	'2025-05-06 16:45:43.232835',	'Size',	'Color',	7),
(724,	'shirt422',	'Auto-generated shirt number 422',	10422,	'2025-05-06 16:45:43.232835',	'Size',	'Color',	7),
(725,	'shirt423',	'Auto-generated shirt number 423',	10423,	'2025-05-06 16:45:43.232835',	'Size',	'Color',	7),
(726,	'shirt424',	'Auto-generated shirt number 424',	10424,	'2025-05-06 16:45:43.232835',	'Size',	'Color',	7),
(727,	'shirt425',	'Auto-generated shirt number 425',	10425,	'2025-05-06 16:45:43.232835',	'Size',	'Color',	7),
(728,	'shirt426',	'Auto-generated shirt number 426',	10426,	'2025-05-06 16:45:43.232835',	'Size',	'Color',	7),
(729,	'shirt427',	'Auto-generated shirt number 427',	10427,	'2025-05-06 16:45:43.232835',	'Size',	'Color',	7),
(730,	'shirt428',	'Auto-generated shirt number 428',	10428,	'2025-05-06 16:45:43.232835',	'Size',	'Color',	7),
(731,	'shirt429',	'Auto-generated shirt number 429',	10429,	'2025-05-06 16:45:43.232835',	'Size',	'Color',	7),
(732,	'shirt430',	'Auto-generated shirt number 430',	10430,	'2025-05-06 16:45:43.232835',	'Size',	'Color',	7),
(733,	'shirt431',	'Auto-generated shirt number 431',	10431,	'2025-05-06 16:45:43.232835',	'Size',	'Color',	7),
(734,	'shirt432',	'Auto-generated shirt number 432',	10432,	'2025-05-06 16:45:43.232835',	'Size',	'Color',	7),
(735,	'shirt433',	'Auto-generated shirt number 433',	10433,	'2025-05-06 16:45:43.232835',	'Size',	'Color',	7),
(736,	'shirt434',	'Auto-generated shirt number 434',	10434,	'2025-05-06 16:45:43.232835',	'Size',	'Color',	7),
(737,	'shirt435',	'Auto-generated shirt number 435',	10435,	'2025-05-06 16:45:43.232835',	'Size',	'Color',	7),
(738,	'shirt436',	'Auto-generated shirt number 436',	10436,	'2025-05-06 16:45:43.232835',	'Size',	'Color',	7),
(739,	'shirt437',	'Auto-generated shirt number 437',	10437,	'2025-05-06 16:45:43.232835',	'Size',	'Color',	7),
(740,	'shirt438',	'Auto-generated shirt number 438',	10438,	'2025-05-06 16:45:43.232835',	'Size',	'Color',	7),
(741,	'shirt439',	'Auto-generated shirt number 439',	10439,	'2025-05-06 16:45:43.232835',	'Size',	'Color',	7),
(742,	'shirt440',	'Auto-generated shirt number 440',	10440,	'2025-05-06 16:45:43.232835',	'Size',	'Color',	7),
(743,	'shirt441',	'Auto-generated shirt number 441',	10441,	'2025-05-06 16:45:43.232835',	'Size',	'Color',	7),
(744,	'shirt442',	'Auto-generated shirt number 442',	10442,	'2025-05-06 16:45:43.232835',	'Size',	'Color',	7),
(745,	'shirt443',	'Auto-generated shirt number 443',	10443,	'2025-05-06 16:45:43.232835',	'Size',	'Color',	7),
(746,	'shirt444',	'Auto-generated shirt number 444',	10444,	'2025-05-06 16:45:43.232835',	'Size',	'Color',	7),
(747,	'shirt445',	'Auto-generated shirt number 445',	10445,	'2025-05-06 16:45:43.232835',	'Size',	'Color',	7),
(748,	'shirt446',	'Auto-generated shirt number 446',	10446,	'2025-05-06 16:45:43.232835',	'Size',	'Color',	7),
(749,	'shirt447',	'Auto-generated shirt number 447',	10447,	'2025-05-06 16:45:43.232835',	'Size',	'Color',	7),
(750,	'shirt448',	'Auto-generated shirt number 448',	10448,	'2025-05-06 16:45:43.232835',	'Size',	'Color',	7),
(751,	'shirt449',	'Auto-generated shirt number 449',	10449,	'2025-05-06 16:45:43.232835',	'Size',	'Color',	7),
(752,	'shirt450',	'Auto-generated shirt number 450',	10450,	'2025-05-06 16:45:43.232835',	'Size',	'Color',	7),
(753,	'shirt451',	'Auto-generated shirt number 451',	10451,	'2025-05-06 16:45:43.232835',	'Size',	'Color',	7),
(754,	'shirt452',	'Auto-generated shirt number 452',	10452,	'2025-05-06 16:45:43.232835',	'Size',	'Color',	7),
(755,	'shirt453',	'Auto-generated shirt number 453',	10453,	'2025-05-06 16:45:43.232835',	'Size',	'Color',	7),
(756,	'shirt454',	'Auto-generated shirt number 454',	10454,	'2025-05-06 16:45:43.232835',	'Size',	'Color',	7),
(757,	'shirt455',	'Auto-generated shirt number 455',	10455,	'2025-05-06 16:45:43.232835',	'Size',	'Color',	7),
(758,	'shirt456',	'Auto-generated shirt number 456',	10456,	'2025-05-06 16:45:43.232835',	'Size',	'Color',	7),
(759,	'shirt457',	'Auto-generated shirt number 457',	10457,	'2025-05-06 16:45:43.232835',	'Size',	'Color',	7),
(760,	'shirt458',	'Auto-generated shirt number 458',	10458,	'2025-05-06 16:45:43.232835',	'Size',	'Color',	7),
(761,	'shirt459',	'Auto-generated shirt number 459',	10459,	'2025-05-06 16:45:43.232835',	'Size',	'Color',	7),
(762,	'shirt460',	'Auto-generated shirt number 460',	10460,	'2025-05-06 16:45:43.232835',	'Size',	'Color',	7),
(763,	'shirt461',	'Auto-generated shirt number 461',	10461,	'2025-05-06 16:45:43.232835',	'Size',	'Color',	7),
(764,	'shirt462',	'Auto-generated shirt number 462',	10462,	'2025-05-06 16:45:43.232835',	'Size',	'Color',	7),
(765,	'shirt463',	'Auto-generated shirt number 463',	10463,	'2025-05-06 16:45:43.232835',	'Size',	'Color',	7),
(766,	'shirt464',	'Auto-generated shirt number 464',	10464,	'2025-05-06 16:45:43.232835',	'Size',	'Color',	7),
(767,	'shirt465',	'Auto-generated shirt number 465',	10465,	'2025-05-06 16:45:43.232835',	'Size',	'Color',	7),
(768,	'shirt466',	'Auto-generated shirt number 466',	10466,	'2025-05-06 16:45:43.232835',	'Size',	'Color',	7),
(769,	'shirt467',	'Auto-generated shirt number 467',	10467,	'2025-05-06 16:45:43.232835',	'Size',	'Color',	7),
(770,	'shirt468',	'Auto-generated shirt number 468',	10468,	'2025-05-06 16:45:43.232835',	'Size',	'Color',	7),
(771,	'shirt469',	'Auto-generated shirt number 469',	10469,	'2025-05-06 16:45:43.232835',	'Size',	'Color',	7),
(772,	'shirt470',	'Auto-generated shirt number 470',	10470,	'2025-05-06 16:45:43.232835',	'Size',	'Color',	7),
(773,	'shirt471',	'Auto-generated shirt number 471',	10471,	'2025-05-06 16:45:43.232835',	'Size',	'Color',	7),
(774,	'shirt472',	'Auto-generated shirt number 472',	10472,	'2025-05-06 16:45:43.232835',	'Size',	'Color',	7),
(775,	'shirt473',	'Auto-generated shirt number 473',	10473,	'2025-05-06 16:45:43.232835',	'Size',	'Color',	7),
(776,	'shirt474',	'Auto-generated shirt number 474',	10474,	'2025-05-06 16:45:43.232835',	'Size',	'Color',	7),
(777,	'shirt475',	'Auto-generated shirt number 475',	10475,	'2025-05-06 16:45:43.232835',	'Size',	'Color',	7),
(778,	'shirt476',	'Auto-generated shirt number 476',	10476,	'2025-05-06 16:45:43.232835',	'Size',	'Color',	7),
(779,	'shirt477',	'Auto-generated shirt number 477',	10477,	'2025-05-06 16:45:43.232835',	'Size',	'Color',	7),
(780,	'shirt478',	'Auto-generated shirt number 478',	10478,	'2025-05-06 16:45:43.232835',	'Size',	'Color',	7),
(781,	'shirt479',	'Auto-generated shirt number 479',	10479,	'2025-05-06 16:45:43.232835',	'Size',	'Color',	7),
(782,	'shirt480',	'Auto-generated shirt number 480',	10480,	'2025-05-06 16:45:43.232835',	'Size',	'Color',	7),
(783,	'shirt481',	'Auto-generated shirt number 481',	10481,	'2025-05-06 16:45:43.232835',	'Size',	'Color',	7),
(784,	'shirt482',	'Auto-generated shirt number 482',	10482,	'2025-05-06 16:45:43.232835',	'Size',	'Color',	7),
(785,	'shirt483',	'Auto-generated shirt number 483',	10483,	'2025-05-06 16:45:43.232835',	'Size',	'Color',	7),
(786,	'shirt484',	'Auto-generated shirt number 484',	10484,	'2025-05-06 16:45:43.232835',	'Size',	'Color',	7),
(787,	'shirt485',	'Auto-generated shirt number 485',	10485,	'2025-05-06 16:45:43.232835',	'Size',	'Color',	7),
(788,	'shirt486',	'Auto-generated shirt number 486',	10486,	'2025-05-06 16:45:43.232835',	'Size',	'Color',	7),
(789,	'shirt487',	'Auto-generated shirt number 487',	10487,	'2025-05-06 16:45:43.232835',	'Size',	'Color',	7),
(790,	'shirt488',	'Auto-generated shirt number 488',	10488,	'2025-05-06 16:45:43.232835',	'Size',	'Color',	7),
(791,	'shirt489',	'Auto-generated shirt number 489',	10489,	'2025-05-06 16:45:43.232835',	'Size',	'Color',	7),
(792,	'shirt490',	'Auto-generated shirt number 490',	10490,	'2025-05-06 16:45:43.232835',	'Size',	'Color',	7),
(793,	'shirt491',	'Auto-generated shirt number 491',	10491,	'2025-05-06 16:45:43.232835',	'Size',	'Color',	7),
(794,	'shirt492',	'Auto-generated shirt number 492',	10492,	'2025-05-06 16:45:43.232835',	'Size',	'Color',	7),
(795,	'shirt493',	'Auto-generated shirt number 493',	10493,	'2025-05-06 16:45:43.232835',	'Size',	'Color',	7),
(796,	'shirt494',	'Auto-generated shirt number 494',	10494,	'2025-05-06 16:45:43.232835',	'Size',	'Color',	7),
(797,	'shirt495',	'Auto-generated shirt number 495',	10495,	'2025-05-06 16:45:43.232835',	'Size',	'Color',	7),
(798,	'shirt496',	'Auto-generated shirt number 496',	10496,	'2025-05-06 16:45:43.232835',	'Size',	'Color',	7),
(799,	'shirt497',	'Auto-generated shirt number 497',	10497,	'2025-05-06 16:45:43.232835',	'Size',	'Color',	7),
(800,	'shirt498',	'Auto-generated shirt number 498',	10498,	'2025-05-06 16:45:43.232835',	'Size',	'Color',	7),
(801,	'shirt499',	'Auto-generated shirt number 499',	10499,	'2025-05-06 16:45:43.232835',	'Size',	'Color',	7),
(802,	'shirt500',	'Auto-generated shirt number 500',	10500,	'2025-05-06 16:45:43.232835',	'Size',	'Color',	7),
(803,	'shirt501',	'Auto-generated shirt number 501',	10501,	'2025-05-06 16:45:43.232835',	'Size',	'Color',	7),
(804,	'shirt502',	'Auto-generated shirt number 502',	10502,	'2025-05-06 16:45:43.232835',	'Size',	'Color',	7),
(805,	'shirt503',	'Auto-generated shirt number 503',	10503,	'2025-05-06 16:45:43.232835',	'Size',	'Color',	7),
(806,	'shirt504',	'Auto-generated shirt number 504',	10504,	'2025-05-06 16:45:43.232835',	'Size',	'Color',	7),
(807,	'shirt505',	'Auto-generated shirt number 505',	10505,	'2025-05-06 16:45:43.232835',	'Size',	'Color',	7),
(808,	'shirt506',	'Auto-generated shirt number 506',	10506,	'2025-05-06 16:45:43.232835',	'Size',	'Color',	7),
(809,	'shirt507',	'Auto-generated shirt number 507',	10507,	'2025-05-06 16:45:43.232835',	'Size',	'Color',	7),
(810,	'shirt508',	'Auto-generated shirt number 508',	10508,	'2025-05-06 16:45:43.232835',	'Size',	'Color',	7),
(811,	'shirt509',	'Auto-generated shirt number 509',	10509,	'2025-05-06 16:45:43.232835',	'Size',	'Color',	7),
(812,	'shirt510',	'Auto-generated shirt number 510',	10510,	'2025-05-06 16:45:43.232835',	'Size',	'Color',	7),
(813,	'shirt511',	'Auto-generated shirt number 511',	10511,	'2025-05-06 16:45:43.232835',	'Size',	'Color',	7),
(814,	'shirt512',	'Auto-generated shirt number 512',	10512,	'2025-05-06 16:45:43.232835',	'Size',	'Color',	7),
(815,	'shirt513',	'Auto-generated shirt number 513',	10513,	'2025-05-06 16:45:43.232835',	'Size',	'Color',	7),
(816,	'shirt514',	'Auto-generated shirt number 514',	10514,	'2025-05-06 16:45:43.232835',	'Size',	'Color',	7),
(817,	'shirt515',	'Auto-generated shirt number 515',	10515,	'2025-05-06 16:45:43.232835',	'Size',	'Color',	7),
(818,	'shirt516',	'Auto-generated shirt number 516',	10516,	'2025-05-06 16:45:43.232835',	'Size',	'Color',	7),
(819,	'shirt517',	'Auto-generated shirt number 517',	10517,	'2025-05-06 16:45:43.232835',	'Size',	'Color',	7),
(820,	'shirt518',	'Auto-generated shirt number 518',	10518,	'2025-05-06 16:45:43.232835',	'Size',	'Color',	7),
(821,	'shirt519',	'Auto-generated shirt number 519',	10519,	'2025-05-06 16:45:43.232835',	'Size',	'Color',	7),
(822,	'shirt520',	'Auto-generated shirt number 520',	10520,	'2025-05-06 16:45:43.232835',	'Size',	'Color',	7),
(823,	'shirt521',	'Auto-generated shirt number 521',	10521,	'2025-05-06 16:45:43.232835',	'Size',	'Color',	7),
(824,	'shirt522',	'Auto-generated shirt number 522',	10522,	'2025-05-06 16:45:43.232835',	'Size',	'Color',	7),
(825,	'shirt523',	'Auto-generated shirt number 523',	10523,	'2025-05-06 16:45:43.232835',	'Size',	'Color',	7),
(826,	'shirt524',	'Auto-generated shirt number 524',	10524,	'2025-05-06 16:45:43.232835',	'Size',	'Color',	7),
(827,	'shirt525',	'Auto-generated shirt number 525',	10525,	'2025-05-06 16:45:43.232835',	'Size',	'Color',	7),
(828,	'shirt526',	'Auto-generated shirt number 526',	10526,	'2025-05-06 16:45:43.232835',	'Size',	'Color',	7),
(829,	'shirt527',	'Auto-generated shirt number 527',	10527,	'2025-05-06 16:45:43.232835',	'Size',	'Color',	7),
(830,	'shirt528',	'Auto-generated shirt number 528',	10528,	'2025-05-06 16:45:43.232835',	'Size',	'Color',	7),
(831,	'shirt529',	'Auto-generated shirt number 529',	10529,	'2025-05-06 16:45:43.232835',	'Size',	'Color',	7),
(832,	'shirt530',	'Auto-generated shirt number 530',	10530,	'2025-05-06 16:45:43.232835',	'Size',	'Color',	7),
(833,	'shirt531',	'Auto-generated shirt number 531',	10531,	'2025-05-06 16:45:43.232835',	'Size',	'Color',	7),
(834,	'shirt532',	'Auto-generated shirt number 532',	10532,	'2025-05-06 16:45:43.232835',	'Size',	'Color',	7),
(835,	'shirt533',	'Auto-generated shirt number 533',	10533,	'2025-05-06 16:45:43.232835',	'Size',	'Color',	7),
(836,	'shirt534',	'Auto-generated shirt number 534',	10534,	'2025-05-06 16:45:43.232835',	'Size',	'Color',	7),
(837,	'shirt535',	'Auto-generated shirt number 535',	10535,	'2025-05-06 16:45:43.232835',	'Size',	'Color',	7),
(838,	'shirt536',	'Auto-generated shirt number 536',	10536,	'2025-05-06 16:45:43.232835',	'Size',	'Color',	7),
(839,	'shirt537',	'Auto-generated shirt number 537',	10537,	'2025-05-06 16:45:43.232835',	'Size',	'Color',	7),
(840,	'shirt538',	'Auto-generated shirt number 538',	10538,	'2025-05-06 16:45:43.232835',	'Size',	'Color',	7),
(841,	'shirt539',	'Auto-generated shirt number 539',	10539,	'2025-05-06 16:45:43.232835',	'Size',	'Color',	7),
(842,	'shirt540',	'Auto-generated shirt number 540',	10540,	'2025-05-06 16:45:43.232835',	'Size',	'Color',	7),
(843,	'shirt541',	'Auto-generated shirt number 541',	10541,	'2025-05-06 16:45:43.232835',	'Size',	'Color',	7),
(844,	'shirt542',	'Auto-generated shirt number 542',	10542,	'2025-05-06 16:45:43.232835',	'Size',	'Color',	7),
(845,	'shirt543',	'Auto-generated shirt number 543',	10543,	'2025-05-06 16:45:43.232835',	'Size',	'Color',	7),
(846,	'shirt544',	'Auto-generated shirt number 544',	10544,	'2025-05-06 16:45:43.232835',	'Size',	'Color',	7),
(847,	'shirt545',	'Auto-generated shirt number 545',	10545,	'2025-05-06 16:45:43.232835',	'Size',	'Color',	7),
(848,	'shirt546',	'Auto-generated shirt number 546',	10546,	'2025-05-06 16:45:43.232835',	'Size',	'Color',	7),
(849,	'shirt547',	'Auto-generated shirt number 547',	10547,	'2025-05-06 16:45:43.232835',	'Size',	'Color',	7),
(850,	'shirt548',	'Auto-generated shirt number 548',	10548,	'2025-05-06 16:45:43.232835',	'Size',	'Color',	7),
(851,	'shirt549',	'Auto-generated shirt number 549',	10549,	'2025-05-06 16:45:43.232835',	'Size',	'Color',	7),
(852,	'shirt550',	'Auto-generated shirt number 550',	10550,	'2025-05-06 16:45:43.232835',	'Size',	'Color',	7),
(853,	'shirt551',	'Auto-generated shirt number 551',	10551,	'2025-05-06 16:45:43.232835',	'Size',	'Color',	7),
(854,	'shirt552',	'Auto-generated shirt number 552',	10552,	'2025-05-06 16:45:43.232835',	'Size',	'Color',	7),
(855,	'shirt553',	'Auto-generated shirt number 553',	10553,	'2025-05-06 16:45:43.232835',	'Size',	'Color',	7),
(856,	'shirt554',	'Auto-generated shirt number 554',	10554,	'2025-05-06 16:45:43.232835',	'Size',	'Color',	7),
(857,	'shirt555',	'Auto-generated shirt number 555',	10555,	'2025-05-06 16:45:43.232835',	'Size',	'Color',	7),
(858,	'shirt556',	'Auto-generated shirt number 556',	10556,	'2025-05-06 16:45:43.232835',	'Size',	'Color',	7),
(859,	'shirt557',	'Auto-generated shirt number 557',	10557,	'2025-05-06 16:45:43.232835',	'Size',	'Color',	7),
(860,	'shirt558',	'Auto-generated shirt number 558',	10558,	'2025-05-06 16:45:43.232835',	'Size',	'Color',	7),
(861,	'shirt559',	'Auto-generated shirt number 559',	10559,	'2025-05-06 16:45:43.232835',	'Size',	'Color',	7),
(862,	'shirt560',	'Auto-generated shirt number 560',	10560,	'2025-05-06 16:45:43.232835',	'Size',	'Color',	7),
(863,	'shirt561',	'Auto-generated shirt number 561',	10561,	'2025-05-06 16:45:43.232835',	'Size',	'Color',	7),
(864,	'shirt562',	'Auto-generated shirt number 562',	10562,	'2025-05-06 16:45:43.232835',	'Size',	'Color',	7),
(865,	'shirt563',	'Auto-generated shirt number 563',	10563,	'2025-05-06 16:45:43.232835',	'Size',	'Color',	7),
(866,	'shirt564',	'Auto-generated shirt number 564',	10564,	'2025-05-06 16:45:43.232835',	'Size',	'Color',	7),
(867,	'shirt565',	'Auto-generated shirt number 565',	10565,	'2025-05-06 16:45:43.232835',	'Size',	'Color',	7),
(868,	'shirt566',	'Auto-generated shirt number 566',	10566,	'2025-05-06 16:45:43.232835',	'Size',	'Color',	7),
(869,	'shirt567',	'Auto-generated shirt number 567',	10567,	'2025-05-06 16:45:43.232835',	'Size',	'Color',	7),
(870,	'shirt568',	'Auto-generated shirt number 568',	10568,	'2025-05-06 16:45:43.232835',	'Size',	'Color',	7),
(871,	'shirt569',	'Auto-generated shirt number 569',	10569,	'2025-05-06 16:45:43.232835',	'Size',	'Color',	7),
(872,	'shirt570',	'Auto-generated shirt number 570',	10570,	'2025-05-06 16:45:43.232835',	'Size',	'Color',	7),
(873,	'shirt571',	'Auto-generated shirt number 571',	10571,	'2025-05-06 16:45:43.232835',	'Size',	'Color',	7),
(874,	'shirt572',	'Auto-generated shirt number 572',	10572,	'2025-05-06 16:45:43.232835',	'Size',	'Color',	7),
(875,	'shirt573',	'Auto-generated shirt number 573',	10573,	'2025-05-06 16:45:43.232835',	'Size',	'Color',	7),
(876,	'shirt574',	'Auto-generated shirt number 574',	10574,	'2025-05-06 16:45:43.232835',	'Size',	'Color',	7),
(877,	'shirt575',	'Auto-generated shirt number 575',	10575,	'2025-05-06 16:45:43.232835',	'Size',	'Color',	7),
(878,	'shirt576',	'Auto-generated shirt number 576',	10576,	'2025-05-06 16:45:43.232835',	'Size',	'Color',	7),
(879,	'shirt577',	'Auto-generated shirt number 577',	10577,	'2025-05-06 16:45:43.232835',	'Size',	'Color',	7),
(880,	'shirt578',	'Auto-generated shirt number 578',	10578,	'2025-05-06 16:45:43.232835',	'Size',	'Color',	7),
(881,	'shirt579',	'Auto-generated shirt number 579',	10579,	'2025-05-06 16:45:43.232835',	'Size',	'Color',	7),
(882,	'shirt580',	'Auto-generated shirt number 580',	10580,	'2025-05-06 16:45:43.232835',	'Size',	'Color',	7),
(883,	'shirt581',	'Auto-generated shirt number 581',	10581,	'2025-05-06 16:45:43.232835',	'Size',	'Color',	7),
(884,	'shirt582',	'Auto-generated shirt number 582',	10582,	'2025-05-06 16:45:43.232835',	'Size',	'Color',	7),
(885,	'shirt583',	'Auto-generated shirt number 583',	10583,	'2025-05-06 16:45:43.232835',	'Size',	'Color',	7),
(886,	'shirt584',	'Auto-generated shirt number 584',	10584,	'2025-05-06 16:45:43.232835',	'Size',	'Color',	7),
(887,	'shirt585',	'Auto-generated shirt number 585',	10585,	'2025-05-06 16:45:43.232835',	'Size',	'Color',	7),
(888,	'shirt586',	'Auto-generated shirt number 586',	10586,	'2025-05-06 16:45:43.232835',	'Size',	'Color',	7),
(889,	'shirt587',	'Auto-generated shirt number 587',	10587,	'2025-05-06 16:45:43.232835',	'Size',	'Color',	7),
(890,	'shirt588',	'Auto-generated shirt number 588',	10588,	'2025-05-06 16:45:43.232835',	'Size',	'Color',	7),
(891,	'shirt589',	'Auto-generated shirt number 589',	10589,	'2025-05-06 16:45:43.232835',	'Size',	'Color',	7),
(892,	'shirt590',	'Auto-generated shirt number 590',	10590,	'2025-05-06 16:45:43.232835',	'Size',	'Color',	7),
(893,	'shirt591',	'Auto-generated shirt number 591',	10591,	'2025-05-06 16:45:43.232835',	'Size',	'Color',	7),
(894,	'shirt592',	'Auto-generated shirt number 592',	10592,	'2025-05-06 16:45:43.232835',	'Size',	'Color',	7),
(895,	'shirt593',	'Auto-generated shirt number 593',	10593,	'2025-05-06 16:45:43.232835',	'Size',	'Color',	7),
(896,	'shirt594',	'Auto-generated shirt number 594',	10594,	'2025-05-06 16:45:43.232835',	'Size',	'Color',	7),
(897,	'shirt595',	'Auto-generated shirt number 595',	10595,	'2025-05-06 16:45:43.232835',	'Size',	'Color',	7),
(898,	'shirt596',	'Auto-generated shirt number 596',	10596,	'2025-05-06 16:45:43.232835',	'Size',	'Color',	7),
(899,	'shirt597',	'Auto-generated shirt number 597',	10597,	'2025-05-06 16:45:43.232835',	'Size',	'Color',	7),
(900,	'shirt598',	'Auto-generated shirt number 598',	10598,	'2025-05-06 16:45:43.232835',	'Size',	'Color',	7),
(901,	'shirt599',	'Auto-generated shirt number 599',	10599,	'2025-05-06 16:45:43.232835',	'Size',	'Color',	7),
(902,	'shirt600',	'Auto-generated shirt number 600',	10600,	'2025-05-06 16:45:43.232835',	'Size',	'Color',	7),
(903,	'shirt601',	'Auto-generated shirt number 601',	10601,	'2025-05-06 16:45:43.232835',	'Size',	'Color',	7),
(904,	'shirt602',	'Auto-generated shirt number 602',	10602,	'2025-05-06 16:45:43.232835',	'Size',	'Color',	7),
(905,	'shirt603',	'Auto-generated shirt number 603',	10603,	'2025-05-06 16:45:43.232835',	'Size',	'Color',	7),
(906,	'shirt604',	'Auto-generated shirt number 604',	10604,	'2025-05-06 16:45:43.232835',	'Size',	'Color',	7),
(907,	'shirt605',	'Auto-generated shirt number 605',	10605,	'2025-05-06 16:45:43.232835',	'Size',	'Color',	7),
(908,	'shirt606',	'Auto-generated shirt number 606',	10606,	'2025-05-06 16:45:43.232835',	'Size',	'Color',	7),
(909,	'shirt607',	'Auto-generated shirt number 607',	10607,	'2025-05-06 16:45:43.232835',	'Size',	'Color',	7),
(910,	'shirt608',	'Auto-generated shirt number 608',	10608,	'2025-05-06 16:45:43.232835',	'Size',	'Color',	7),
(911,	'shirt609',	'Auto-generated shirt number 609',	10609,	'2025-05-06 16:45:43.232835',	'Size',	'Color',	7),
(912,	'shirt610',	'Auto-generated shirt number 610',	10610,	'2025-05-06 16:45:43.232835',	'Size',	'Color',	7),
(913,	'shirt611',	'Auto-generated shirt number 611',	10611,	'2025-05-06 16:45:43.232835',	'Size',	'Color',	7),
(914,	'shirt612',	'Auto-generated shirt number 612',	10612,	'2025-05-06 16:45:43.232835',	'Size',	'Color',	7),
(915,	'shirt613',	'Auto-generated shirt number 613',	10613,	'2025-05-06 16:45:43.232835',	'Size',	'Color',	7),
(916,	'shirt614',	'Auto-generated shirt number 614',	10614,	'2025-05-06 16:45:43.232835',	'Size',	'Color',	7),
(917,	'shirt615',	'Auto-generated shirt number 615',	10615,	'2025-05-06 16:45:43.232835',	'Size',	'Color',	7),
(918,	'shirt616',	'Auto-generated shirt number 616',	10616,	'2025-05-06 16:45:43.232835',	'Size',	'Color',	7),
(919,	'shirt617',	'Auto-generated shirt number 617',	10617,	'2025-05-06 16:45:43.232835',	'Size',	'Color',	7),
(920,	'shirt618',	'Auto-generated shirt number 618',	10618,	'2025-05-06 16:45:43.232835',	'Size',	'Color',	7),
(921,	'shirt619',	'Auto-generated shirt number 619',	10619,	'2025-05-06 16:45:43.232835',	'Size',	'Color',	7),
(922,	'shirt620',	'Auto-generated shirt number 620',	10620,	'2025-05-06 16:45:43.232835',	'Size',	'Color',	7),
(923,	'shirt621',	'Auto-generated shirt number 621',	10621,	'2025-05-06 16:45:43.232835',	'Size',	'Color',	7),
(924,	'shirt622',	'Auto-generated shirt number 622',	10622,	'2025-05-06 16:45:43.232835',	'Size',	'Color',	7),
(925,	'shirt623',	'Auto-generated shirt number 623',	10623,	'2025-05-06 16:45:43.232835',	'Size',	'Color',	7),
(926,	'shirt624',	'Auto-generated shirt number 624',	10624,	'2025-05-06 16:45:43.232835',	'Size',	'Color',	7),
(927,	'shirt625',	'Auto-generated shirt number 625',	10625,	'2025-05-06 16:45:43.232835',	'Size',	'Color',	7),
(928,	'shirt626',	'Auto-generated shirt number 626',	10626,	'2025-05-06 16:45:43.232835',	'Size',	'Color',	7),
(929,	'shirt627',	'Auto-generated shirt number 627',	10627,	'2025-05-06 16:45:43.232835',	'Size',	'Color',	7),
(930,	'shirt628',	'Auto-generated shirt number 628',	10628,	'2025-05-06 16:45:43.232835',	'Size',	'Color',	7),
(931,	'shirt629',	'Auto-generated shirt number 629',	10629,	'2025-05-06 16:45:43.232835',	'Size',	'Color',	7),
(932,	'shirt630',	'Auto-generated shirt number 630',	10630,	'2025-05-06 16:45:43.232835',	'Size',	'Color',	7),
(933,	'shirt631',	'Auto-generated shirt number 631',	10631,	'2025-05-06 16:45:43.232835',	'Size',	'Color',	7),
(934,	'shirt632',	'Auto-generated shirt number 632',	10632,	'2025-05-06 16:45:43.232835',	'Size',	'Color',	7),
(935,	'shirt633',	'Auto-generated shirt number 633',	10633,	'2025-05-06 16:45:43.232835',	'Size',	'Color',	7),
(936,	'shirt634',	'Auto-generated shirt number 634',	10634,	'2025-05-06 16:45:43.232835',	'Size',	'Color',	7),
(937,	'shirt635',	'Auto-generated shirt number 635',	10635,	'2025-05-06 16:45:43.232835',	'Size',	'Color',	7),
(938,	'shirt636',	'Auto-generated shirt number 636',	10636,	'2025-05-06 16:45:43.232835',	'Size',	'Color',	7),
(939,	'shirt637',	'Auto-generated shirt number 637',	10637,	'2025-05-06 16:45:43.232835',	'Size',	'Color',	7),
(940,	'shirt638',	'Auto-generated shirt number 638',	10638,	'2025-05-06 16:45:43.232835',	'Size',	'Color',	7),
(941,	'shirt639',	'Auto-generated shirt number 639',	10639,	'2025-05-06 16:45:43.232835',	'Size',	'Color',	7),
(942,	'shirt640',	'Auto-generated shirt number 640',	10640,	'2025-05-06 16:45:43.232835',	'Size',	'Color',	7),
(943,	'shirt641',	'Auto-generated shirt number 641',	10641,	'2025-05-06 16:45:43.232835',	'Size',	'Color',	7),
(944,	'shirt642',	'Auto-generated shirt number 642',	10642,	'2025-05-06 16:45:43.232835',	'Size',	'Color',	7),
(945,	'shirt643',	'Auto-generated shirt number 643',	10643,	'2025-05-06 16:45:43.232835',	'Size',	'Color',	7),
(946,	'shirt644',	'Auto-generated shirt number 644',	10644,	'2025-05-06 16:45:43.232835',	'Size',	'Color',	7),
(947,	'shirt645',	'Auto-generated shirt number 645',	10645,	'2025-05-06 16:45:43.232835',	'Size',	'Color',	7),
(948,	'shirt646',	'Auto-generated shirt number 646',	10646,	'2025-05-06 16:45:43.232835',	'Size',	'Color',	7),
(949,	'shirt647',	'Auto-generated shirt number 647',	10647,	'2025-05-06 16:45:43.232835',	'Size',	'Color',	7),
(950,	'shirt648',	'Auto-generated shirt number 648',	10648,	'2025-05-06 16:45:43.232835',	'Size',	'Color',	7),
(951,	'shirt649',	'Auto-generated shirt number 649',	10649,	'2025-05-06 16:45:43.232835',	'Size',	'Color',	7),
(952,	'shirt650',	'Auto-generated shirt number 650',	10650,	'2025-05-06 16:45:43.232835',	'Size',	'Color',	7),
(953,	'shirt651',	'Auto-generated shirt number 651',	10651,	'2025-05-06 16:45:43.232835',	'Size',	'Color',	7),
(954,	'shirt652',	'Auto-generated shirt number 652',	10652,	'2025-05-06 16:45:43.232835',	'Size',	'Color',	7),
(955,	'shirt653',	'Auto-generated shirt number 653',	10653,	'2025-05-06 16:45:43.232835',	'Size',	'Color',	7),
(956,	'shirt654',	'Auto-generated shirt number 654',	10654,	'2025-05-06 16:45:43.232835',	'Size',	'Color',	7),
(957,	'shirt655',	'Auto-generated shirt number 655',	10655,	'2025-05-06 16:45:43.232835',	'Size',	'Color',	7),
(958,	'shirt656',	'Auto-generated shirt number 656',	10656,	'2025-05-06 16:45:43.232835',	'Size',	'Color',	7),
(959,	'shirt657',	'Auto-generated shirt number 657',	10657,	'2025-05-06 16:45:43.232835',	'Size',	'Color',	7),
(960,	'shirt658',	'Auto-generated shirt number 658',	10658,	'2025-05-06 16:45:43.232835',	'Size',	'Color',	7),
(961,	'shirt659',	'Auto-generated shirt number 659',	10659,	'2025-05-06 16:45:43.232835',	'Size',	'Color',	7),
(962,	'shirt660',	'Auto-generated shirt number 660',	10660,	'2025-05-06 16:45:43.232835',	'Size',	'Color',	7),
(963,	'shirt661',	'Auto-generated shirt number 661',	10661,	'2025-05-06 16:45:43.232835',	'Size',	'Color',	7),
(964,	'shirt662',	'Auto-generated shirt number 662',	10662,	'2025-05-06 16:45:43.232835',	'Size',	'Color',	7),
(965,	'shirt663',	'Auto-generated shirt number 663',	10663,	'2025-05-06 16:45:43.232835',	'Size',	'Color',	7),
(966,	'shirt664',	'Auto-generated shirt number 664',	10664,	'2025-05-06 16:45:43.232835',	'Size',	'Color',	7),
(967,	'shirt665',	'Auto-generated shirt number 665',	10665,	'2025-05-06 16:45:43.232835',	'Size',	'Color',	7),
(968,	'shirt666',	'Auto-generated shirt number 666',	10666,	'2025-05-06 16:45:43.232835',	'Size',	'Color',	7),
(969,	'shirt667',	'Auto-generated shirt number 667',	10667,	'2025-05-06 16:45:43.232835',	'Size',	'Color',	7),
(970,	'shirt668',	'Auto-generated shirt number 668',	10668,	'2025-05-06 16:45:43.232835',	'Size',	'Color',	7),
(971,	'shirt669',	'Auto-generated shirt number 669',	10669,	'2025-05-06 16:45:43.232835',	'Size',	'Color',	7),
(972,	'shirt670',	'Auto-generated shirt number 670',	10670,	'2025-05-06 16:45:43.232835',	'Size',	'Color',	7),
(973,	'shirt671',	'Auto-generated shirt number 671',	10671,	'2025-05-06 16:45:43.232835',	'Size',	'Color',	7),
(974,	'shirt672',	'Auto-generated shirt number 672',	10672,	'2025-05-06 16:45:43.232835',	'Size',	'Color',	7),
(975,	'shirt673',	'Auto-generated shirt number 673',	10673,	'2025-05-06 16:45:43.232835',	'Size',	'Color',	7),
(976,	'shirt674',	'Auto-generated shirt number 674',	10674,	'2025-05-06 16:45:43.232835',	'Size',	'Color',	7),
(977,	'shirt675',	'Auto-generated shirt number 675',	10675,	'2025-05-06 16:45:43.232835',	'Size',	'Color',	7),
(978,	'shirt676',	'Auto-generated shirt number 676',	10676,	'2025-05-06 16:45:43.232835',	'Size',	'Color',	7),
(979,	'shirt677',	'Auto-generated shirt number 677',	10677,	'2025-05-06 16:45:43.232835',	'Size',	'Color',	7),
(980,	'shirt678',	'Auto-generated shirt number 678',	10678,	'2025-05-06 16:45:43.232835',	'Size',	'Color',	7),
(981,	'shirt679',	'Auto-generated shirt number 679',	10679,	'2025-05-06 16:45:43.232835',	'Size',	'Color',	7),
(982,	'shirt680',	'Auto-generated shirt number 680',	10680,	'2025-05-06 16:45:43.232835',	'Size',	'Color',	7),
(983,	'shirt681',	'Auto-generated shirt number 681',	10681,	'2025-05-06 16:45:43.232835',	'Size',	'Color',	7),
(984,	'shirt682',	'Auto-generated shirt number 682',	10682,	'2025-05-06 16:45:43.232835',	'Size',	'Color',	7),
(985,	'shirt683',	'Auto-generated shirt number 683',	10683,	'2025-05-06 16:45:43.232835',	'Size',	'Color',	7),
(986,	'shirt684',	'Auto-generated shirt number 684',	10684,	'2025-05-06 16:45:43.232835',	'Size',	'Color',	7),
(987,	'shirt685',	'Auto-generated shirt number 685',	10685,	'2025-05-06 16:45:43.232835',	'Size',	'Color',	7),
(988,	'shirt686',	'Auto-generated shirt number 686',	10686,	'2025-05-06 16:45:43.232835',	'Size',	'Color',	7),
(989,	'shirt687',	'Auto-generated shirt number 687',	10687,	'2025-05-06 16:45:43.232835',	'Size',	'Color',	7),
(990,	'shirt688',	'Auto-generated shirt number 688',	10688,	'2025-05-06 16:45:43.232835',	'Size',	'Color',	7),
(991,	'shirt689',	'Auto-generated shirt number 689',	10689,	'2025-05-06 16:45:43.232835',	'Size',	'Color',	7),
(992,	'shirt690',	'Auto-generated shirt number 690',	10690,	'2025-05-06 16:45:43.232835',	'Size',	'Color',	7),
(993,	'shirt691',	'Auto-generated shirt number 691',	10691,	'2025-05-06 16:45:43.232835',	'Size',	'Color',	7),
(994,	'shirt692',	'Auto-generated shirt number 692',	10692,	'2025-05-06 16:45:43.232835',	'Size',	'Color',	7),
(995,	'shirt693',	'Auto-generated shirt number 693',	10693,	'2025-05-06 16:45:43.232835',	'Size',	'Color',	7),
(996,	'shirt694',	'Auto-generated shirt number 694',	10694,	'2025-05-06 16:45:43.232835',	'Size',	'Color',	7),
(997,	'shirt695',	'Auto-generated shirt number 695',	10695,	'2025-05-06 16:45:43.232835',	'Size',	'Color',	7),
(998,	'shirt696',	'Auto-generated shirt number 696',	10696,	'2025-05-06 16:45:43.232835',	'Size',	'Color',	7),
(999,	'shirt697',	'Auto-generated shirt number 697',	10697,	'2025-05-06 16:45:43.232835',	'Size',	'Color',	7),
(1000,	'shirt698',	'Auto-generated shirt number 698',	10698,	'2025-05-06 16:45:43.232835',	'Size',	'Color',	7),
(1001,	'shirt699',	'Auto-generated shirt number 699',	10699,	'2025-05-06 16:45:43.232835',	'Size',	'Color',	7),
(1002,	'shirt700',	'Auto-generated shirt number 700',	10700,	'2025-05-06 16:45:43.232835',	'Size',	'Color',	7),
(1003,	'shirt701',	'Auto-generated shirt number 701',	10701,	'2025-05-06 16:45:43.232835',	'Size',	'Color',	7),
(1004,	'shirt702',	'Auto-generated shirt number 702',	10702,	'2025-05-06 16:45:43.232835',	'Size',	'Color',	7),
(1005,	'shirt703',	'Auto-generated shirt number 703',	10703,	'2025-05-06 16:45:43.232835',	'Size',	'Color',	7),
(1006,	'shirt704',	'Auto-generated shirt number 704',	10704,	'2025-05-06 16:45:43.232835',	'Size',	'Color',	7),
(1007,	'shirt705',	'Auto-generated shirt number 705',	10705,	'2025-05-06 16:45:43.232835',	'Size',	'Color',	7),
(1008,	'shirt706',	'Auto-generated shirt number 706',	10706,	'2025-05-06 16:45:43.232835',	'Size',	'Color',	7),
(1009,	'shirt707',	'Auto-generated shirt number 707',	10707,	'2025-05-06 16:45:43.232835',	'Size',	'Color',	7),
(1010,	'shirt708',	'Auto-generated shirt number 708',	10708,	'2025-05-06 16:45:43.232835',	'Size',	'Color',	7),
(1011,	'shirt709',	'Auto-generated shirt number 709',	10709,	'2025-05-06 16:45:43.232835',	'Size',	'Color',	7),
(1012,	'shirt710',	'Auto-generated shirt number 710',	10710,	'2025-05-06 16:45:43.232835',	'Size',	'Color',	7),
(1013,	'shirt711',	'Auto-generated shirt number 711',	10711,	'2025-05-06 16:45:43.232835',	'Size',	'Color',	7),
(1014,	'shirt712',	'Auto-generated shirt number 712',	10712,	'2025-05-06 16:45:43.232835',	'Size',	'Color',	7),
(1015,	'shirt713',	'Auto-generated shirt number 713',	10713,	'2025-05-06 16:45:43.232835',	'Size',	'Color',	7),
(1016,	'shirt714',	'Auto-generated shirt number 714',	10714,	'2025-05-06 16:45:43.232835',	'Size',	'Color',	7),
(1017,	'shirt715',	'Auto-generated shirt number 715',	10715,	'2025-05-06 16:45:43.232835',	'Size',	'Color',	7),
(1018,	'shirt716',	'Auto-generated shirt number 716',	10716,	'2025-05-06 16:45:43.232835',	'Size',	'Color',	7),
(1019,	'shirt717',	'Auto-generated shirt number 717',	10717,	'2025-05-06 16:45:43.232835',	'Size',	'Color',	7),
(1020,	'shirt718',	'Auto-generated shirt number 718',	10718,	'2025-05-06 16:45:43.232835',	'Size',	'Color',	7),
(1021,	'shirt719',	'Auto-generated shirt number 719',	10719,	'2025-05-06 16:45:43.232835',	'Size',	'Color',	7),
(1022,	'shirt720',	'Auto-generated shirt number 720',	10720,	'2025-05-06 16:45:43.232835',	'Size',	'Color',	7),
(1023,	'shirt721',	'Auto-generated shirt number 721',	10721,	'2025-05-06 16:45:43.232835',	'Size',	'Color',	7),
(1024,	'shirt722',	'Auto-generated shirt number 722',	10722,	'2025-05-06 16:45:43.232835',	'Size',	'Color',	7),
(1025,	'shirt723',	'Auto-generated shirt number 723',	10723,	'2025-05-06 16:45:43.232835',	'Size',	'Color',	7),
(1026,	'shirt724',	'Auto-generated shirt number 724',	10724,	'2025-05-06 16:45:43.232835',	'Size',	'Color',	7),
(1027,	'shirt725',	'Auto-generated shirt number 725',	10725,	'2025-05-06 16:45:43.232835',	'Size',	'Color',	7),
(1028,	'shirt726',	'Auto-generated shirt number 726',	10726,	'2025-05-06 16:45:43.232835',	'Size',	'Color',	7),
(1029,	'shirt727',	'Auto-generated shirt number 727',	10727,	'2025-05-06 16:45:43.232835',	'Size',	'Color',	7),
(1030,	'shirt728',	'Auto-generated shirt number 728',	10728,	'2025-05-06 16:45:43.232835',	'Size',	'Color',	7),
(1031,	'shirt729',	'Auto-generated shirt number 729',	10729,	'2025-05-06 16:45:43.232835',	'Size',	'Color',	7),
(1032,	'shirt730',	'Auto-generated shirt number 730',	10730,	'2025-05-06 16:45:43.232835',	'Size',	'Color',	7),
(1033,	'shirt731',	'Auto-generated shirt number 731',	10731,	'2025-05-06 16:45:43.232835',	'Size',	'Color',	7),
(1034,	'shirt732',	'Auto-generated shirt number 732',	10732,	'2025-05-06 16:45:43.232835',	'Size',	'Color',	7),
(1035,	'shirt733',	'Auto-generated shirt number 733',	10733,	'2025-05-06 16:45:43.232835',	'Size',	'Color',	7),
(1036,	'shirt734',	'Auto-generated shirt number 734',	10734,	'2025-05-06 16:45:43.232835',	'Size',	'Color',	7),
(1037,	'shirt735',	'Auto-generated shirt number 735',	10735,	'2025-05-06 16:45:43.232835',	'Size',	'Color',	7),
(1038,	'shirt736',	'Auto-generated shirt number 736',	10736,	'2025-05-06 16:45:43.232835',	'Size',	'Color',	7),
(1039,	'shirt737',	'Auto-generated shirt number 737',	10737,	'2025-05-06 16:45:43.232835',	'Size',	'Color',	7),
(1040,	'shirt738',	'Auto-generated shirt number 738',	10738,	'2025-05-06 16:45:43.232835',	'Size',	'Color',	7),
(1041,	'shirt739',	'Auto-generated shirt number 739',	10739,	'2025-05-06 16:45:43.232835',	'Size',	'Color',	7),
(1042,	'shirt740',	'Auto-generated shirt number 740',	10740,	'2025-05-06 16:45:43.232835',	'Size',	'Color',	7),
(1043,	'shirt741',	'Auto-generated shirt number 741',	10741,	'2025-05-06 16:45:43.232835',	'Size',	'Color',	7),
(1044,	'shirt742',	'Auto-generated shirt number 742',	10742,	'2025-05-06 16:45:43.232835',	'Size',	'Color',	7),
(1045,	'shirt743',	'Auto-generated shirt number 743',	10743,	'2025-05-06 16:45:43.232835',	'Size',	'Color',	7),
(1046,	'shirt744',	'Auto-generated shirt number 744',	10744,	'2025-05-06 16:45:43.232835',	'Size',	'Color',	7),
(1047,	'shirt745',	'Auto-generated shirt number 745',	10745,	'2025-05-06 16:45:43.232835',	'Size',	'Color',	7),
(1048,	'shirt746',	'Auto-generated shirt number 746',	10746,	'2025-05-06 16:45:43.232835',	'Size',	'Color',	7),
(1049,	'shirt747',	'Auto-generated shirt number 747',	10747,	'2025-05-06 16:45:43.232835',	'Size',	'Color',	7),
(1050,	'shirt748',	'Auto-generated shirt number 748',	10748,	'2025-05-06 16:45:43.232835',	'Size',	'Color',	7),
(1051,	'shirt749',	'Auto-generated shirt number 749',	10749,	'2025-05-06 16:45:43.232835',	'Size',	'Color',	7),
(1052,	'shirt750',	'Auto-generated shirt number 750',	10750,	'2025-05-06 16:45:43.232835',	'Size',	'Color',	7),
(1053,	'shirt751',	'Auto-generated shirt number 751',	10751,	'2025-05-06 16:45:43.232835',	'Size',	'Color',	7),
(1054,	'shirt752',	'Auto-generated shirt number 752',	10752,	'2025-05-06 16:45:43.232835',	'Size',	'Color',	7),
(1055,	'shirt753',	'Auto-generated shirt number 753',	10753,	'2025-05-06 16:45:43.232835',	'Size',	'Color',	7),
(1056,	'shirt754',	'Auto-generated shirt number 754',	10754,	'2025-05-06 16:45:43.232835',	'Size',	'Color',	7),
(1057,	'shirt755',	'Auto-generated shirt number 755',	10755,	'2025-05-06 16:45:43.232835',	'Size',	'Color',	7),
(1058,	'shirt756',	'Auto-generated shirt number 756',	10756,	'2025-05-06 16:45:43.232835',	'Size',	'Color',	7),
(1059,	'shirt757',	'Auto-generated shirt number 757',	10757,	'2025-05-06 16:45:43.232835',	'Size',	'Color',	7),
(1060,	'shirt758',	'Auto-generated shirt number 758',	10758,	'2025-05-06 16:45:43.232835',	'Size',	'Color',	7),
(1061,	'shirt759',	'Auto-generated shirt number 759',	10759,	'2025-05-06 16:45:43.232835',	'Size',	'Color',	7),
(1062,	'shirt760',	'Auto-generated shirt number 760',	10760,	'2025-05-06 16:45:43.232835',	'Size',	'Color',	7),
(1063,	'shirt761',	'Auto-generated shirt number 761',	10761,	'2025-05-06 16:45:43.232835',	'Size',	'Color',	7),
(1064,	'shirt762',	'Auto-generated shirt number 762',	10762,	'2025-05-06 16:45:43.232835',	'Size',	'Color',	7),
(1065,	'shirt763',	'Auto-generated shirt number 763',	10763,	'2025-05-06 16:45:43.232835',	'Size',	'Color',	7),
(1066,	'shirt764',	'Auto-generated shirt number 764',	10764,	'2025-05-06 16:45:43.232835',	'Size',	'Color',	7),
(1067,	'shirt765',	'Auto-generated shirt number 765',	10765,	'2025-05-06 16:45:43.232835',	'Size',	'Color',	7),
(1068,	'shirt766',	'Auto-generated shirt number 766',	10766,	'2025-05-06 16:45:43.232835',	'Size',	'Color',	7),
(1069,	'shirt767',	'Auto-generated shirt number 767',	10767,	'2025-05-06 16:45:43.232835',	'Size',	'Color',	7),
(1070,	'shirt768',	'Auto-generated shirt number 768',	10768,	'2025-05-06 16:45:43.232835',	'Size',	'Color',	7),
(1071,	'shirt769',	'Auto-generated shirt number 769',	10769,	'2025-05-06 16:45:43.232835',	'Size',	'Color',	7),
(1072,	'shirt770',	'Auto-generated shirt number 770',	10770,	'2025-05-06 16:45:43.232835',	'Size',	'Color',	7),
(1073,	'shirt771',	'Auto-generated shirt number 771',	10771,	'2025-05-06 16:45:43.232835',	'Size',	'Color',	7),
(1074,	'shirt772',	'Auto-generated shirt number 772',	10772,	'2025-05-06 16:45:43.232835',	'Size',	'Color',	7),
(1075,	'shirt773',	'Auto-generated shirt number 773',	10773,	'2025-05-06 16:45:43.232835',	'Size',	'Color',	7),
(1076,	'shirt774',	'Auto-generated shirt number 774',	10774,	'2025-05-06 16:45:43.232835',	'Size',	'Color',	7),
(1077,	'shirt775',	'Auto-generated shirt number 775',	10775,	'2025-05-06 16:45:43.232835',	'Size',	'Color',	7),
(1078,	'shirt776',	'Auto-generated shirt number 776',	10776,	'2025-05-06 16:45:43.232835',	'Size',	'Color',	7),
(1079,	'shirt777',	'Auto-generated shirt number 777',	10777,	'2025-05-06 16:45:43.232835',	'Size',	'Color',	7),
(1080,	'shirt778',	'Auto-generated shirt number 778',	10778,	'2025-05-06 16:45:43.232835',	'Size',	'Color',	7),
(1081,	'shirt779',	'Auto-generated shirt number 779',	10779,	'2025-05-06 16:45:43.232835',	'Size',	'Color',	7),
(1082,	'shirt780',	'Auto-generated shirt number 780',	10780,	'2025-05-06 16:45:43.232835',	'Size',	'Color',	7),
(1083,	'shirt781',	'Auto-generated shirt number 781',	10781,	'2025-05-06 16:45:43.232835',	'Size',	'Color',	7),
(1084,	'shirt782',	'Auto-generated shirt number 782',	10782,	'2025-05-06 16:45:43.232835',	'Size',	'Color',	7),
(1085,	'shirt783',	'Auto-generated shirt number 783',	10783,	'2025-05-06 16:45:43.232835',	'Size',	'Color',	7),
(1086,	'shirt784',	'Auto-generated shirt number 784',	10784,	'2025-05-06 16:45:43.232835',	'Size',	'Color',	7),
(1087,	'shirt785',	'Auto-generated shirt number 785',	10785,	'2025-05-06 16:45:43.232835',	'Size',	'Color',	7),
(1088,	'shirt786',	'Auto-generated shirt number 786',	10786,	'2025-05-06 16:45:43.232835',	'Size',	'Color',	7),
(1089,	'shirt787',	'Auto-generated shirt number 787',	10787,	'2025-05-06 16:45:43.232835',	'Size',	'Color',	7),
(1090,	'shirt788',	'Auto-generated shirt number 788',	10788,	'2025-05-06 16:45:43.232835',	'Size',	'Color',	7),
(1091,	'shirt789',	'Auto-generated shirt number 789',	10789,	'2025-05-06 16:45:43.232835',	'Size',	'Color',	7),
(1092,	'shirt790',	'Auto-generated shirt number 790',	10790,	'2025-05-06 16:45:43.232835',	'Size',	'Color',	7),
(1093,	'shirt791',	'Auto-generated shirt number 791',	10791,	'2025-05-06 16:45:43.232835',	'Size',	'Color',	7),
(1094,	'shirt792',	'Auto-generated shirt number 792',	10792,	'2025-05-06 16:45:43.232835',	'Size',	'Color',	7),
(1095,	'shirt793',	'Auto-generated shirt number 793',	10793,	'2025-05-06 16:45:43.232835',	'Size',	'Color',	7),
(1096,	'shirt794',	'Auto-generated shirt number 794',	10794,	'2025-05-06 16:45:43.232835',	'Size',	'Color',	7),
(1097,	'shirt795',	'Auto-generated shirt number 795',	10795,	'2025-05-06 16:45:43.232835',	'Size',	'Color',	7),
(1098,	'shirt796',	'Auto-generated shirt number 796',	10796,	'2025-05-06 16:45:43.232835',	'Size',	'Color',	7),
(1099,	'shirt797',	'Auto-generated shirt number 797',	10797,	'2025-05-06 16:45:43.232835',	'Size',	'Color',	7),
(1100,	'shirt798',	'Auto-generated shirt number 798',	10798,	'2025-05-06 16:45:43.232835',	'Size',	'Color',	7),
(1101,	'shirt799',	'Auto-generated shirt number 799',	10799,	'2025-05-06 16:45:43.232835',	'Size',	'Color',	7),
(1102,	'shirt800',	'Auto-generated shirt number 800',	10800,	'2025-05-06 16:45:43.232835',	'Size',	'Color',	7),
(1103,	'shirt801',	'Auto-generated shirt number 801',	10801,	'2025-05-06 16:45:43.232835',	'Size',	'Color',	7),
(1104,	'shirt802',	'Auto-generated shirt number 802',	10802,	'2025-05-06 16:45:43.232835',	'Size',	'Color',	7),
(1105,	'shirt803',	'Auto-generated shirt number 803',	10803,	'2025-05-06 16:45:43.232835',	'Size',	'Color',	7),
(1106,	'shirt804',	'Auto-generated shirt number 804',	10804,	'2025-05-06 16:45:43.232835',	'Size',	'Color',	7),
(1107,	'shirt805',	'Auto-generated shirt number 805',	10805,	'2025-05-06 16:45:43.232835',	'Size',	'Color',	7),
(1108,	'shirt806',	'Auto-generated shirt number 806',	10806,	'2025-05-06 16:45:43.232835',	'Size',	'Color',	7),
(1109,	'shirt807',	'Auto-generated shirt number 807',	10807,	'2025-05-06 16:45:43.232835',	'Size',	'Color',	7),
(1110,	'shirt808',	'Auto-generated shirt number 808',	10808,	'2025-05-06 16:45:43.232835',	'Size',	'Color',	7),
(1111,	'shirt809',	'Auto-generated shirt number 809',	10809,	'2025-05-06 16:45:43.232835',	'Size',	'Color',	7),
(1112,	'shirt810',	'Auto-generated shirt number 810',	10810,	'2025-05-06 16:45:43.232835',	'Size',	'Color',	7),
(1113,	'shirt811',	'Auto-generated shirt number 811',	10811,	'2025-05-06 16:45:43.232835',	'Size',	'Color',	7),
(1114,	'shirt812',	'Auto-generated shirt number 812',	10812,	'2025-05-06 16:45:43.232835',	'Size',	'Color',	7),
(1115,	'shirt813',	'Auto-generated shirt number 813',	10813,	'2025-05-06 16:45:43.232835',	'Size',	'Color',	7),
(1116,	'shirt814',	'Auto-generated shirt number 814',	10814,	'2025-05-06 16:45:43.232835',	'Size',	'Color',	7),
(1117,	'shirt815',	'Auto-generated shirt number 815',	10815,	'2025-05-06 16:45:43.232835',	'Size',	'Color',	7),
(1118,	'shirt816',	'Auto-generated shirt number 816',	10816,	'2025-05-06 16:45:43.232835',	'Size',	'Color',	7),
(1119,	'shirt817',	'Auto-generated shirt number 817',	10817,	'2025-05-06 16:45:43.232835',	'Size',	'Color',	7),
(1120,	'shirt818',	'Auto-generated shirt number 818',	10818,	'2025-05-06 16:45:43.232835',	'Size',	'Color',	7),
(1121,	'shirt819',	'Auto-generated shirt number 819',	10819,	'2025-05-06 16:45:43.232835',	'Size',	'Color',	7),
(1122,	'shirt820',	'Auto-generated shirt number 820',	10820,	'2025-05-06 16:45:43.232835',	'Size',	'Color',	7),
(1123,	'shirt821',	'Auto-generated shirt number 821',	10821,	'2025-05-06 16:45:43.232835',	'Size',	'Color',	7),
(1124,	'shirt822',	'Auto-generated shirt number 822',	10822,	'2025-05-06 16:45:43.232835',	'Size',	'Color',	7),
(1125,	'shirt823',	'Auto-generated shirt number 823',	10823,	'2025-05-06 16:45:43.232835',	'Size',	'Color',	7),
(1126,	'shirt824',	'Auto-generated shirt number 824',	10824,	'2025-05-06 16:45:43.232835',	'Size',	'Color',	7),
(1127,	'shirt825',	'Auto-generated shirt number 825',	10825,	'2025-05-06 16:45:43.232835',	'Size',	'Color',	7),
(1128,	'shirt826',	'Auto-generated shirt number 826',	10826,	'2025-05-06 16:45:43.232835',	'Size',	'Color',	7),
(1129,	'shirt827',	'Auto-generated shirt number 827',	10827,	'2025-05-06 16:45:43.232835',	'Size',	'Color',	7),
(1130,	'shirt828',	'Auto-generated shirt number 828',	10828,	'2025-05-06 16:45:43.232835',	'Size',	'Color',	7),
(1131,	'shirt829',	'Auto-generated shirt number 829',	10829,	'2025-05-06 16:45:43.232835',	'Size',	'Color',	7),
(1132,	'shirt830',	'Auto-generated shirt number 830',	10830,	'2025-05-06 16:45:43.232835',	'Size',	'Color',	7),
(1133,	'shirt831',	'Auto-generated shirt number 831',	10831,	'2025-05-06 16:45:43.232835',	'Size',	'Color',	7),
(1134,	'shirt832',	'Auto-generated shirt number 832',	10832,	'2025-05-06 16:45:43.232835',	'Size',	'Color',	7),
(1135,	'shirt833',	'Auto-generated shirt number 833',	10833,	'2025-05-06 16:45:43.232835',	'Size',	'Color',	7),
(1136,	'shirt834',	'Auto-generated shirt number 834',	10834,	'2025-05-06 16:45:43.232835',	'Size',	'Color',	7),
(1137,	'shirt835',	'Auto-generated shirt number 835',	10835,	'2025-05-06 16:45:43.232835',	'Size',	'Color',	7),
(1138,	'shirt836',	'Auto-generated shirt number 836',	10836,	'2025-05-06 16:45:43.232835',	'Size',	'Color',	7),
(1139,	'shirt837',	'Auto-generated shirt number 837',	10837,	'2025-05-06 16:45:43.232835',	'Size',	'Color',	7),
(1140,	'shirt838',	'Auto-generated shirt number 838',	10838,	'2025-05-06 16:45:43.232835',	'Size',	'Color',	7),
(1141,	'shirt839',	'Auto-generated shirt number 839',	10839,	'2025-05-06 16:45:43.232835',	'Size',	'Color',	7),
(1142,	'shirt840',	'Auto-generated shirt number 840',	10840,	'2025-05-06 16:45:43.232835',	'Size',	'Color',	7),
(1143,	'shirt841',	'Auto-generated shirt number 841',	10841,	'2025-05-06 16:45:43.232835',	'Size',	'Color',	7),
(1144,	'shirt842',	'Auto-generated shirt number 842',	10842,	'2025-05-06 16:45:43.232835',	'Size',	'Color',	7),
(1145,	'shirt843',	'Auto-generated shirt number 843',	10843,	'2025-05-06 16:45:43.232835',	'Size',	'Color',	7),
(1146,	'shirt844',	'Auto-generated shirt number 844',	10844,	'2025-05-06 16:45:43.232835',	'Size',	'Color',	7),
(1147,	'shirt845',	'Auto-generated shirt number 845',	10845,	'2025-05-06 16:45:43.232835',	'Size',	'Color',	7),
(1148,	'shirt846',	'Auto-generated shirt number 846',	10846,	'2025-05-06 16:45:43.232835',	'Size',	'Color',	7),
(1149,	'shirt847',	'Auto-generated shirt number 847',	10847,	'2025-05-06 16:45:43.232835',	'Size',	'Color',	7),
(1150,	'shirt848',	'Auto-generated shirt number 848',	10848,	'2025-05-06 16:45:43.232835',	'Size',	'Color',	7),
(1151,	'shirt849',	'Auto-generated shirt number 849',	10849,	'2025-05-06 16:45:43.232835',	'Size',	'Color',	7),
(1152,	'shirt850',	'Auto-generated shirt number 850',	10850,	'2025-05-06 16:45:43.232835',	'Size',	'Color',	7),
(1153,	'shirt851',	'Auto-generated shirt number 851',	10851,	'2025-05-06 16:45:43.232835',	'Size',	'Color',	7),
(1154,	'shirt852',	'Auto-generated shirt number 852',	10852,	'2025-05-06 16:45:43.232835',	'Size',	'Color',	7),
(1155,	'shirt853',	'Auto-generated shirt number 853',	10853,	'2025-05-06 16:45:43.232835',	'Size',	'Color',	7),
(1156,	'shirt854',	'Auto-generated shirt number 854',	10854,	'2025-05-06 16:45:43.232835',	'Size',	'Color',	7),
(1157,	'shirt855',	'Auto-generated shirt number 855',	10855,	'2025-05-06 16:45:43.232835',	'Size',	'Color',	7),
(1158,	'shirt856',	'Auto-generated shirt number 856',	10856,	'2025-05-06 16:45:43.232835',	'Size',	'Color',	7),
(1159,	'shirt857',	'Auto-generated shirt number 857',	10857,	'2025-05-06 16:45:43.232835',	'Size',	'Color',	7),
(1160,	'shirt858',	'Auto-generated shirt number 858',	10858,	'2025-05-06 16:45:43.232835',	'Size',	'Color',	7),
(1161,	'shirt859',	'Auto-generated shirt number 859',	10859,	'2025-05-06 16:45:43.232835',	'Size',	'Color',	7),
(1162,	'shirt860',	'Auto-generated shirt number 860',	10860,	'2025-05-06 16:45:43.232835',	'Size',	'Color',	7),
(1163,	'shirt861',	'Auto-generated shirt number 861',	10861,	'2025-05-06 16:45:43.232835',	'Size',	'Color',	7),
(1164,	'shirt862',	'Auto-generated shirt number 862',	10862,	'2025-05-06 16:45:43.232835',	'Size',	'Color',	7),
(1165,	'shirt863',	'Auto-generated shirt number 863',	10863,	'2025-05-06 16:45:43.232835',	'Size',	'Color',	7),
(1166,	'shirt864',	'Auto-generated shirt number 864',	10864,	'2025-05-06 16:45:43.232835',	'Size',	'Color',	7),
(1167,	'shirt865',	'Auto-generated shirt number 865',	10865,	'2025-05-06 16:45:43.232835',	'Size',	'Color',	7),
(1168,	'shirt866',	'Auto-generated shirt number 866',	10866,	'2025-05-06 16:45:43.232835',	'Size',	'Color',	7),
(1169,	'shirt867',	'Auto-generated shirt number 867',	10867,	'2025-05-06 16:45:43.232835',	'Size',	'Color',	7),
(1170,	'shirt868',	'Auto-generated shirt number 868',	10868,	'2025-05-06 16:45:43.232835',	'Size',	'Color',	7),
(1171,	'shirt869',	'Auto-generated shirt number 869',	10869,	'2025-05-06 16:45:43.232835',	'Size',	'Color',	7),
(1172,	'shirt870',	'Auto-generated shirt number 870',	10870,	'2025-05-06 16:45:43.232835',	'Size',	'Color',	7),
(1173,	'shirt871',	'Auto-generated shirt number 871',	10871,	'2025-05-06 16:45:43.232835',	'Size',	'Color',	7),
(1174,	'shirt872',	'Auto-generated shirt number 872',	10872,	'2025-05-06 16:45:43.232835',	'Size',	'Color',	7),
(1175,	'shirt873',	'Auto-generated shirt number 873',	10873,	'2025-05-06 16:45:43.232835',	'Size',	'Color',	7),
(1176,	'shirt874',	'Auto-generated shirt number 874',	10874,	'2025-05-06 16:45:43.232835',	'Size',	'Color',	7),
(1177,	'shirt875',	'Auto-generated shirt number 875',	10875,	'2025-05-06 16:45:43.232835',	'Size',	'Color',	7),
(1178,	'shirt876',	'Auto-generated shirt number 876',	10876,	'2025-05-06 16:45:43.232835',	'Size',	'Color',	7),
(1179,	'shirt877',	'Auto-generated shirt number 877',	10877,	'2025-05-06 16:45:43.232835',	'Size',	'Color',	7),
(1180,	'shirt878',	'Auto-generated shirt number 878',	10878,	'2025-05-06 16:45:43.232835',	'Size',	'Color',	7),
(1181,	'shirt879',	'Auto-generated shirt number 879',	10879,	'2025-05-06 16:45:43.232835',	'Size',	'Color',	7),
(1182,	'shirt880',	'Auto-generated shirt number 880',	10880,	'2025-05-06 16:45:43.232835',	'Size',	'Color',	7),
(1183,	'shirt881',	'Auto-generated shirt number 881',	10881,	'2025-05-06 16:45:43.232835',	'Size',	'Color',	7),
(1184,	'shirt882',	'Auto-generated shirt number 882',	10882,	'2025-05-06 16:45:43.232835',	'Size',	'Color',	7),
(1185,	'shirt883',	'Auto-generated shirt number 883',	10883,	'2025-05-06 16:45:43.232835',	'Size',	'Color',	7),
(1186,	'shirt884',	'Auto-generated shirt number 884',	10884,	'2025-05-06 16:45:43.232835',	'Size',	'Color',	7),
(1187,	'shirt885',	'Auto-generated shirt number 885',	10885,	'2025-05-06 16:45:43.232835',	'Size',	'Color',	7),
(1188,	'shirt886',	'Auto-generated shirt number 886',	10886,	'2025-05-06 16:45:43.232835',	'Size',	'Color',	7),
(1189,	'shirt887',	'Auto-generated shirt number 887',	10887,	'2025-05-06 16:45:43.232835',	'Size',	'Color',	7),
(1190,	'shirt888',	'Auto-generated shirt number 888',	10888,	'2025-05-06 16:45:43.232835',	'Size',	'Color',	7),
(1191,	'shirt889',	'Auto-generated shirt number 889',	10889,	'2025-05-06 16:45:43.232835',	'Size',	'Color',	7),
(1192,	'shirt890',	'Auto-generated shirt number 890',	10890,	'2025-05-06 16:45:43.232835',	'Size',	'Color',	7),
(1193,	'shirt891',	'Auto-generated shirt number 891',	10891,	'2025-05-06 16:45:43.232835',	'Size',	'Color',	7),
(1194,	'shirt892',	'Auto-generated shirt number 892',	10892,	'2025-05-06 16:45:43.232835',	'Size',	'Color',	7),
(1195,	'shirt893',	'Auto-generated shirt number 893',	10893,	'2025-05-06 16:45:43.232835',	'Size',	'Color',	7),
(1196,	'shirt894',	'Auto-generated shirt number 894',	10894,	'2025-05-06 16:45:43.232835',	'Size',	'Color',	7),
(1197,	'shirt895',	'Auto-generated shirt number 895',	10895,	'2025-05-06 16:45:43.232835',	'Size',	'Color',	7),
(1198,	'shirt896',	'Auto-generated shirt number 896',	10896,	'2025-05-06 16:45:43.232835',	'Size',	'Color',	7),
(1199,	'shirt897',	'Auto-generated shirt number 897',	10897,	'2025-05-06 16:45:43.232835',	'Size',	'Color',	7),
(1200,	'shirt898',	'Auto-generated shirt number 898',	10898,	'2025-05-06 16:45:43.232835',	'Size',	'Color',	7),
(1201,	'shirt899',	'Auto-generated shirt number 899',	10899,	'2025-05-06 16:45:43.232835',	'Size',	'Color',	7),
(1202,	'shirt900',	'Auto-generated shirt number 900',	10900,	'2025-05-06 16:45:43.232835',	'Size',	'Color',	7),
(1203,	'shirt901',	'Auto-generated shirt number 901',	10901,	'2025-05-06 16:45:43.232835',	'Size',	'Color',	7),
(1204,	'shirt902',	'Auto-generated shirt number 902',	10902,	'2025-05-06 16:45:43.232835',	'Size',	'Color',	7),
(1205,	'shirt903',	'Auto-generated shirt number 903',	10903,	'2025-05-06 16:45:43.232835',	'Size',	'Color',	7),
(1206,	'shirt904',	'Auto-generated shirt number 904',	10904,	'2025-05-06 16:45:43.232835',	'Size',	'Color',	7),
(1207,	'shirt905',	'Auto-generated shirt number 905',	10905,	'2025-05-06 16:45:43.232835',	'Size',	'Color',	7),
(1208,	'shirt906',	'Auto-generated shirt number 906',	10906,	'2025-05-06 16:45:43.232835',	'Size',	'Color',	7),
(1209,	'shirt907',	'Auto-generated shirt number 907',	10907,	'2025-05-06 16:45:43.232835',	'Size',	'Color',	7),
(1210,	'shirt908',	'Auto-generated shirt number 908',	10908,	'2025-05-06 16:45:43.232835',	'Size',	'Color',	7),
(1211,	'shirt909',	'Auto-generated shirt number 909',	10909,	'2025-05-06 16:45:43.232835',	'Size',	'Color',	7),
(1212,	'shirt910',	'Auto-generated shirt number 910',	10910,	'2025-05-06 16:45:43.232835',	'Size',	'Color',	7),
(1213,	'shirt911',	'Auto-generated shirt number 911',	10911,	'2025-05-06 16:45:43.232835',	'Size',	'Color',	7),
(1214,	'shirt912',	'Auto-generated shirt number 912',	10912,	'2025-05-06 16:45:43.232835',	'Size',	'Color',	7),
(1215,	'shirt913',	'Auto-generated shirt number 913',	10913,	'2025-05-06 16:45:43.232835',	'Size',	'Color',	7),
(1216,	'shirt914',	'Auto-generated shirt number 914',	10914,	'2025-05-06 16:45:43.232835',	'Size',	'Color',	7),
(1217,	'shirt915',	'Auto-generated shirt number 915',	10915,	'2025-05-06 16:45:43.232835',	'Size',	'Color',	7),
(1218,	'shirt916',	'Auto-generated shirt number 916',	10916,	'2025-05-06 16:45:43.232835',	'Size',	'Color',	7),
(1219,	'shirt917',	'Auto-generated shirt number 917',	10917,	'2025-05-06 16:45:43.232835',	'Size',	'Color',	7),
(1220,	'shirt918',	'Auto-generated shirt number 918',	10918,	'2025-05-06 16:45:43.232835',	'Size',	'Color',	7),
(1221,	'shirt919',	'Auto-generated shirt number 919',	10919,	'2025-05-06 16:45:43.232835',	'Size',	'Color',	7),
(1222,	'shirt920',	'Auto-generated shirt number 920',	10920,	'2025-05-06 16:45:43.232835',	'Size',	'Color',	7),
(1223,	'shirt921',	'Auto-generated shirt number 921',	10921,	'2025-05-06 16:45:43.232835',	'Size',	'Color',	7),
(1224,	'shirt922',	'Auto-generated shirt number 922',	10922,	'2025-05-06 16:45:43.232835',	'Size',	'Color',	7),
(1225,	'shirt923',	'Auto-generated shirt number 923',	10923,	'2025-05-06 16:45:43.232835',	'Size',	'Color',	7),
(1226,	'shirt924',	'Auto-generated shirt number 924',	10924,	'2025-05-06 16:45:43.232835',	'Size',	'Color',	7),
(1227,	'shirt925',	'Auto-generated shirt number 925',	10925,	'2025-05-06 16:45:43.232835',	'Size',	'Color',	7),
(1228,	'shirt926',	'Auto-generated shirt number 926',	10926,	'2025-05-06 16:45:43.232835',	'Size',	'Color',	7),
(1229,	'shirt927',	'Auto-generated shirt number 927',	10927,	'2025-05-06 16:45:43.232835',	'Size',	'Color',	7),
(1230,	'shirt928',	'Auto-generated shirt number 928',	10928,	'2025-05-06 16:45:43.232835',	'Size',	'Color',	7),
(1231,	'shirt929',	'Auto-generated shirt number 929',	10929,	'2025-05-06 16:45:43.232835',	'Size',	'Color',	7),
(1232,	'shirt930',	'Auto-generated shirt number 930',	10930,	'2025-05-06 16:45:43.232835',	'Size',	'Color',	7),
(1233,	'shirt931',	'Auto-generated shirt number 931',	10931,	'2025-05-06 16:45:43.232835',	'Size',	'Color',	7),
(1234,	'shirt932',	'Auto-generated shirt number 932',	10932,	'2025-05-06 16:45:43.232835',	'Size',	'Color',	7),
(1235,	'shirt933',	'Auto-generated shirt number 933',	10933,	'2025-05-06 16:45:43.232835',	'Size',	'Color',	7),
(1236,	'shirt934',	'Auto-generated shirt number 934',	10934,	'2025-05-06 16:45:43.232835',	'Size',	'Color',	7),
(1237,	'shirt935',	'Auto-generated shirt number 935',	10935,	'2025-05-06 16:45:43.232835',	'Size',	'Color',	7),
(1238,	'shirt936',	'Auto-generated shirt number 936',	10936,	'2025-05-06 16:45:43.232835',	'Size',	'Color',	7),
(1239,	'shirt937',	'Auto-generated shirt number 937',	10937,	'2025-05-06 16:45:43.232835',	'Size',	'Color',	7),
(1240,	'shirt938',	'Auto-generated shirt number 938',	10938,	'2025-05-06 16:45:43.232835',	'Size',	'Color',	7),
(1241,	'shirt939',	'Auto-generated shirt number 939',	10939,	'2025-05-06 16:45:43.232835',	'Size',	'Color',	7),
(1242,	'shirt940',	'Auto-generated shirt number 940',	10940,	'2025-05-06 16:45:43.232835',	'Size',	'Color',	7),
(1243,	'shirt941',	'Auto-generated shirt number 941',	10941,	'2025-05-06 16:45:43.232835',	'Size',	'Color',	7),
(1244,	'shirt942',	'Auto-generated shirt number 942',	10942,	'2025-05-06 16:45:43.232835',	'Size',	'Color',	7),
(1245,	'shirt943',	'Auto-generated shirt number 943',	10943,	'2025-05-06 16:45:43.232835',	'Size',	'Color',	7),
(1246,	'shirt944',	'Auto-generated shirt number 944',	10944,	'2025-05-06 16:45:43.232835',	'Size',	'Color',	7),
(1247,	'shirt945',	'Auto-generated shirt number 945',	10945,	'2025-05-06 16:45:43.232835',	'Size',	'Color',	7),
(1248,	'shirt946',	'Auto-generated shirt number 946',	10946,	'2025-05-06 16:45:43.232835',	'Size',	'Color',	7),
(1249,	'shirt947',	'Auto-generated shirt number 947',	10947,	'2025-05-06 16:45:43.232835',	'Size',	'Color',	7),
(1250,	'shirt948',	'Auto-generated shirt number 948',	10948,	'2025-05-06 16:45:43.232835',	'Size',	'Color',	7),
(1251,	'shirt949',	'Auto-generated shirt number 949',	10949,	'2025-05-06 16:45:43.232835',	'Size',	'Color',	7),
(1252,	'shirt950',	'Auto-generated shirt number 950',	10950,	'2025-05-06 16:45:43.232835',	'Size',	'Color',	7),
(1253,	'shirt951',	'Auto-generated shirt number 951',	10951,	'2025-05-06 16:45:43.232835',	'Size',	'Color',	7),
(1254,	'shirt952',	'Auto-generated shirt number 952',	10952,	'2025-05-06 16:45:43.232835',	'Size',	'Color',	7),
(1255,	'shirt953',	'Auto-generated shirt number 953',	10953,	'2025-05-06 16:45:43.232835',	'Size',	'Color',	7),
(1256,	'shirt954',	'Auto-generated shirt number 954',	10954,	'2025-05-06 16:45:43.232835',	'Size',	'Color',	7),
(1257,	'shirt955',	'Auto-generated shirt number 955',	10955,	'2025-05-06 16:45:43.232835',	'Size',	'Color',	7),
(1258,	'shirt956',	'Auto-generated shirt number 956',	10956,	'2025-05-06 16:45:43.232835',	'Size',	'Color',	7),
(1259,	'shirt957',	'Auto-generated shirt number 957',	10957,	'2025-05-06 16:45:43.232835',	'Size',	'Color',	7),
(1260,	'shirt958',	'Auto-generated shirt number 958',	10958,	'2025-05-06 16:45:43.232835',	'Size',	'Color',	7),
(1261,	'shirt959',	'Auto-generated shirt number 959',	10959,	'2025-05-06 16:45:43.232835',	'Size',	'Color',	7),
(1262,	'shirt960',	'Auto-generated shirt number 960',	10960,	'2025-05-06 16:45:43.232835',	'Size',	'Color',	7),
(1263,	'shirt961',	'Auto-generated shirt number 961',	10961,	'2025-05-06 16:45:43.232835',	'Size',	'Color',	7),
(1264,	'shirt962',	'Auto-generated shirt number 962',	10962,	'2025-05-06 16:45:43.232835',	'Size',	'Color',	7),
(1265,	'shirt963',	'Auto-generated shirt number 963',	10963,	'2025-05-06 16:45:43.232835',	'Size',	'Color',	7),
(1266,	'shirt964',	'Auto-generated shirt number 964',	10964,	'2025-05-06 16:45:43.232835',	'Size',	'Color',	7),
(1267,	'shirt965',	'Auto-generated shirt number 965',	10965,	'2025-05-06 16:45:43.232835',	'Size',	'Color',	7),
(1268,	'shirt966',	'Auto-generated shirt number 966',	10966,	'2025-05-06 16:45:43.232835',	'Size',	'Color',	7),
(1269,	'shirt967',	'Auto-generated shirt number 967',	10967,	'2025-05-06 16:45:43.232835',	'Size',	'Color',	7),
(1270,	'shirt968',	'Auto-generated shirt number 968',	10968,	'2025-05-06 16:45:43.232835',	'Size',	'Color',	7),
(1271,	'shirt969',	'Auto-generated shirt number 969',	10969,	'2025-05-06 16:45:43.232835',	'Size',	'Color',	7),
(1272,	'shirt970',	'Auto-generated shirt number 970',	10970,	'2025-05-06 16:45:43.232835',	'Size',	'Color',	7),
(1273,	'shirt971',	'Auto-generated shirt number 971',	10971,	'2025-05-06 16:45:43.232835',	'Size',	'Color',	7),
(1274,	'shirt972',	'Auto-generated shirt number 972',	10972,	'2025-05-06 16:45:43.232835',	'Size',	'Color',	7),
(1275,	'shirt973',	'Auto-generated shirt number 973',	10973,	'2025-05-06 16:45:43.232835',	'Size',	'Color',	7),
(1276,	'shirt974',	'Auto-generated shirt number 974',	10974,	'2025-05-06 16:45:43.232835',	'Size',	'Color',	7),
(1277,	'shirt975',	'Auto-generated shirt number 975',	10975,	'2025-05-06 16:45:43.232835',	'Size',	'Color',	7),
(1278,	'shirt976',	'Auto-generated shirt number 976',	10976,	'2025-05-06 16:45:43.232835',	'Size',	'Color',	7),
(1279,	'shirt977',	'Auto-generated shirt number 977',	10977,	'2025-05-06 16:45:43.232835',	'Size',	'Color',	7),
(1280,	'shirt978',	'Auto-generated shirt number 978',	10978,	'2025-05-06 16:45:43.232835',	'Size',	'Color',	7),
(1281,	'shirt979',	'Auto-generated shirt number 979',	10979,	'2025-05-06 16:45:43.232835',	'Size',	'Color',	7),
(1282,	'shirt980',	'Auto-generated shirt number 980',	10980,	'2025-05-06 16:45:43.232835',	'Size',	'Color',	7),
(1283,	'shirt981',	'Auto-generated shirt number 981',	10981,	'2025-05-06 16:45:43.232835',	'Size',	'Color',	7),
(1284,	'shirt982',	'Auto-generated shirt number 982',	10982,	'2025-05-06 16:45:43.232835',	'Size',	'Color',	7),
(1285,	'shirt983',	'Auto-generated shirt number 983',	10983,	'2025-05-06 16:45:43.232835',	'Size',	'Color',	7),
(1286,	'shirt984',	'Auto-generated shirt number 984',	10984,	'2025-05-06 16:45:43.232835',	'Size',	'Color',	7),
(1287,	'shirt985',	'Auto-generated shirt number 985',	10985,	'2025-05-06 16:45:43.232835',	'Size',	'Color',	7),
(1288,	'shirt986',	'Auto-generated shirt number 986',	10986,	'2025-05-06 16:45:43.232835',	'Size',	'Color',	7),
(1289,	'shirt987',	'Auto-generated shirt number 987',	10987,	'2025-05-06 16:45:43.232835',	'Size',	'Color',	7),
(1290,	'shirt988',	'Auto-generated shirt number 988',	10988,	'2025-05-06 16:45:43.232835',	'Size',	'Color',	7),
(1291,	'shirt989',	'Auto-generated shirt number 989',	10989,	'2025-05-06 16:45:43.232835',	'Size',	'Color',	7),
(1292,	'shirt990',	'Auto-generated shirt number 990',	10990,	'2025-05-06 16:45:43.232835',	'Size',	'Color',	7),
(1293,	'shirt991',	'Auto-generated shirt number 991',	10991,	'2025-05-06 16:45:43.232835',	'Size',	'Color',	7),
(1294,	'shirt992',	'Auto-generated shirt number 992',	10992,	'2025-05-06 16:45:43.232835',	'Size',	'Color',	7),
(1295,	'shirt993',	'Auto-generated shirt number 993',	10993,	'2025-05-06 16:45:43.232835',	'Size',	'Color',	7),
(1296,	'shirt994',	'Auto-generated shirt number 994',	10994,	'2025-05-06 16:45:43.232835',	'Size',	'Color',	7),
(1297,	'shirt995',	'Auto-generated shirt number 995',	10995,	'2025-05-06 16:45:43.232835',	'Size',	'Color',	7),
(1298,	'shirt996',	'Auto-generated shirt number 996',	10996,	'2025-05-06 16:45:43.232835',	'Size',	'Color',	7),
(1299,	'shirt997',	'Auto-generated shirt number 997',	10997,	'2025-05-06 16:45:43.232835',	'Size',	'Color',	7),
(1300,	'shirt998',	'Auto-generated shirt number 998',	10998,	'2025-05-06 16:45:43.232835',	'Size',	'Color',	7),
(1301,	'shirt999',	'Auto-generated shirt number 999',	10999,	'2025-05-06 16:45:43.232835',	'Size',	'Color',	7),
(1302,	'shirt1000',	'Auto-generated shirt number 1000',	11000,	'2025-05-06 16:45:43.232835',	'Size',	'Color',	7);

DROP TABLE IF EXISTS "reviews";
CREATE TABLE "public"."reviews" (
    "id" uuid DEFAULT gen_random_uuid() NOT NULL,
    "sender_id" integer NOT NULL,
    "product_id" integer NOT NULL,
    "rating" integer NOT NULL,
    "content" text NOT NULL,
    "created_at" timestamp DEFAULT now() NOT NULL,
    CONSTRAINT "reviews_pkey" PRIMARY KEY ("id")
) WITH (oids = false);

INSERT INTO "reviews" ("id", "sender_id", "product_id", "rating", "content", "created_at") VALUES
('69ede8af-078a-4d8c-bc14-3d2acd61a276',	2,	1,	5,	'Very good tshirt',	'2025-03-24 16:23:24.889763'),
('c3c91765-82b3-44a8-aacd-ae1a2d290280',	3,	1,	2,	'This product is great! I really enjoyed it.',	'2025-03-24 20:24:14.049741'),
('188747bf-cce0-420d-9cb9-25dea9d4ba7c',	3,	1,	5,	'Not bad, but could be improved in some areas.',	'2025-03-24 20:24:14.049741'),
('84ab8866-02b5-4e26-92aa-a55048d83384',	3,	1,	1,	'I was expecting more, but it works okay for the price.',	'2025-03-24 20:24:14.049741'),
('89aae4b0-b8b5-4e02-9746-336d6232d11d',	3,	1,	2,	'Excellent! Worth every penny, I am very satisfied.',	'2025-03-24 20:24:14.049741'),
('9610acc7-647a-4ecc-a29a-b1c85279b55b',	3,	2,	4,	'Super produkt',	'2025-06-02 15:24:08.481946'),
('c1c2c749-9d63-4d66-8240-a353bdc7b67f',	3,	2,	4,	'Nice Product',	'2025-06-03 12:16:02.723887'),
('24d37c3c-6e44-4af4-a19d-9d372d3e396a',	3,	1,	5,	'Super',	'2025-06-03 13:53:00.445393');

DROP TABLE IF EXISTS "shippings";
DROP SEQUENCE IF EXISTS shippings_id_seq1;
CREATE SEQUENCE shippings_id_seq1 INCREMENT 1 MINVALUE 1 MAXVALUE 2147483647 CACHE 1;

CREATE TABLE "public"."shippings" (
    "id" integer DEFAULT nextval('shippings_id_seq1') NOT NULL,
    "user_id" integer NOT NULL,
    "phone_number" character varying(255) NOT NULL,
    "address" character varying(255) NOT NULL,
    "house_number" character varying(255) NOT NULL,
    "postal_code" character varying(255) NOT NULL,
    "city" character varying(255) NOT NULL,
    "notes" character varying(255) DEFAULT '' NOT NULL,
    CONSTRAINT "shippings_pkey" PRIMARY KEY ("id")
) WITH (oids = false);

INSERT INTO "shippings" ("id", "user_id", "phone_number", "address", "house_number", "postal_code", "city", "notes") VALUES
(1,	2,	'+421000000000',	'Example adderess',	'E21',	'84663',	'ExampleCity',	''),
(2,	2,	'1234',	'',	'',	'',	'',	''),
(3,	2,	'+421565568',	'Example',	'15',	'48541',	'HUHU',	'Heloouky'),
(4,	2,	'',	'',	'',	'',	'',	''),
(6,	3,	'+212121212',	'asdas',	'dasdass',	'asdasd',	'aasddas',	''),
(7,	3,	'+333333333333',	'dsfsdfsdf',	'fsdfsdfsd',	'fsdfsdf',	'sdfsdfsd',	'fsdfsdf'),
(8,	3,	'454545456',	'asdasd',	'asdasd',	'asdasd',	'asdasd',	''),
(9,	3,	'456456456456',	'kjhkhjk',	'hjkhjkhj',	'khjkhjk',	'hjkhjk',	'dfgdfg'),
(10,	3,	'4564512',	'fdggdfg',	'dfgdfgdf',	'gdfgdf',	'gdfgdfg',	''),
(11,	2,	'544154564',	'fdgdfg',	'dfgdf',	'gdfg',	'dfg',	''),
(12,	2,	'+4211564151',	'super@gmail.com',	'456',	'4564564',	'sadasda',	'sadasdad'),
(13,	3,	'454354531',	' hgfdh',	'hfghf',	'fghfg',	'hfghfg',	'dfgdfgdf'),
(14,	3,	'454654564',	'gfd',	'fdg',	'dfgdf',	'gdf',	'fghjf'),
(15,	3,	'+54545132123',	'fsdfsd',	'sdfsd',	'sdfdsf',	'sdfsdf',	'sdfsd'),
(16,	3,	'45424564565',	'sfd',	'sdfsdf',	'sdfsdf',	'sdfsdf',	'ddfggd'),
(17,	3,	'454545345656',	'das',	'sadas',	'asdasd',	'dassd',	'dgrfdfg'),
(18,	3,	'45643654',	'fdgfd',	'gfdg',	'fdgdfg',	'dfgdfg',	'fdgdfg'),
(19,	3,	'1223231',	'fdgdf',	'dfg',	'dfgdfg',	'dfgfdg',	'vbnvbmnvb'),
(20,	3,	'4122312',	'cvbcv',	'cvbcv',	'bcvb',	'cvbcvb',	'cvbcvb'),
(21,	3,	'41423123',	'Bhjkbdhjkfsdf',	'42132',	'dsfsd',	'sdfsdfsdf',	'fsdsfsdfsd'),
(22,	3,	'564231435',	'erwe',	'fwef',	'fwe',	'wef',	'wefwef'),
(23,	3,	'45132456456',	'fdgdfg',	'dfgdfg',	'dfgdfgdf',	'dfgfgf',	'dfgdfgdfgdfg');

DROP TABLE IF EXISTS "special";
DROP SEQUENCE IF EXISTS special_id_seq;
CREATE SEQUENCE special_id_seq INCREMENT 1 MINVALUE 1 MAXVALUE 2147483647 CACHE 1;

CREATE TABLE "public"."special" (
    "id" integer DEFAULT nextval('special_id_seq') NOT NULL,
    "name" character varying(100) NOT NULL,
    CONSTRAINT "special_pkey" PRIMARY KEY ("id")
) WITH (oids = false);

INSERT INTO "special" ("id", "name") VALUES
(1,	'Sale'),
(2,	'New'),
(7,	'Showcase');

DROP TABLE IF EXISTS "users";
DROP SEQUENCE IF EXISTS users_id_seq;
CREATE SEQUENCE users_id_seq INCREMENT 1 MINVALUE 100 MAXVALUE 2147483647 CACHE 1;

CREATE TABLE "public"."users" (
    "id" integer DEFAULT nextval('users_id_seq') NOT NULL,
    "google_id" text NOT NULL,
    "email" text NOT NULL,
    "name" text NOT NULL,
    "avatar_url" text,
    "created_at" timestamp DEFAULT CURRENT_TIMESTAMP,
    "role" integer DEFAULT '1' NOT NULL,
    CONSTRAINT "users_email_key" UNIQUE ("email"),
    CONSTRAINT "users_google_id_key" UNIQUE ("google_id"),
    CONSTRAINT "users_pkey" PRIMARY KEY ("id")
) WITH (oids = false);

INSERT INTO "users" ("id", "google_id", "email", "name", "avatar_url", "created_at", "role") VALUES
(1,	'154123154423125453',	'example1@gmail.com',	'Example1',	'https://lh3.googleusercontent.com/a/',	'2025-03-10 18:23:07.967176',	1),
(3,	'15315412468423123',	'example2@gmail.com',	'Example2',	'https://lh3.googleusercontent.com/a/',	'2025-03-11 08:21:15.29558',	1),
(1532,	'16841234684231456',	'example3@gmail.com',	'Example3',	'https://lh3.googleusercontent.com/a/',	'2025-06-03 15:05:52.711164',	1),
(2,	'9878654231456754123',	'example4@gmail.com',	'Example4',	'https://lh3.googleusercontent.com/a/',	'2025-03-10 18:25:53.35184',	2);

ALTER TABLE ONLY "public"."basket_items" ADD CONSTRAINT "basket_items_product_variant_id_fkey" FOREIGN KEY (product_variant_id) REFERENCES product_variants(id) ON DELETE CASCADE NOT DEFERRABLE;
ALTER TABLE ONLY "public"."basket_items" ADD CONSTRAINT "basket_items_user_id_fkey" FOREIGN KEY (user_id) REFERENCES users(id) ON DELETE CASCADE NOT DEFERRABLE;

ALTER TABLE ONLY "public"."conversation_messages" ADD CONSTRAINT "conversation_messages_conversation_id_fkey" FOREIGN KEY (conversation_id) REFERENCES conversations(id) NOT DEFERRABLE;
ALTER TABLE ONLY "public"."conversation_messages" ADD CONSTRAINT "conversation_messages_sender_id_fkey" FOREIGN KEY (sender_id) REFERENCES users(id) NOT DEFERRABLE;

ALTER TABLE ONLY "public"."conversations" ADD CONSTRAINT "conversations_order_id_fkey" FOREIGN KEY (order_id) REFERENCES orders(id) NOT DEFERRABLE;

ALTER TABLE ONLY "public"."conversations_users" ADD CONSTRAINT "conversations_users_conversation_id_fkey" FOREIGN KEY (conversation_id) REFERENCES conversations(id) NOT DEFERRABLE;
ALTER TABLE ONLY "public"."conversations_users" ADD CONSTRAINT "conversations_users_user_id_fkey" FOREIGN KEY (user_id) REFERENCES users(id) NOT DEFERRABLE;

ALTER TABLE ONLY "public"."favourite_items" ADD CONSTRAINT "favourite_items_product_id_fkey" FOREIGN KEY (product_id) REFERENCES products(id) NOT DEFERRABLE;
ALTER TABLE ONLY "public"."favourite_items" ADD CONSTRAINT "favourite_items_user_id_fkey" FOREIGN KEY (user_id) REFERENCES users(id) NOT DEFERRABLE;

ALTER TABLE ONLY "public"."order_items" ADD CONSTRAINT "order_items_order_id_fkey" FOREIGN KEY (order_id) REFERENCES orders(id) ON DELETE CASCADE NOT DEFERRABLE;
ALTER TABLE ONLY "public"."order_items" ADD CONSTRAINT "order_items_product_variant_id_fkey" FOREIGN KEY (product_variant_id) REFERENCES product_variants(id) NOT DEFERRABLE;

ALTER TABLE ONLY "public"."orders" ADD CONSTRAINT "orders_shipping_id_fkey" FOREIGN KEY (shipping_id) REFERENCES shippings(id) NOT DEFERRABLE;
ALTER TABLE ONLY "public"."orders" ADD CONSTRAINT "orders_user_id_fkey" FOREIGN KEY (user_id) REFERENCES users(id) NOT DEFERRABLE;

ALTER TABLE ONLY "public"."product_categories" ADD CONSTRAINT "product_categories_category_id_fkey" FOREIGN KEY (category_id) REFERENCES categories(id) ON DELETE CASCADE NOT DEFERRABLE;
ALTER TABLE ONLY "public"."product_categories" ADD CONSTRAINT "product_categories_product_id_fkey" FOREIGN KEY (product_id) REFERENCES products(id) ON DELETE CASCADE NOT DEFERRABLE;

ALTER TABLE ONLY "public"."product_images" ADD CONSTRAINT "product_images_product_id_fkey" FOREIGN KEY (product_id) REFERENCES products(id) ON DELETE CASCADE NOT DEFERRABLE;

ALTER TABLE ONLY "public"."product_variants" ADD CONSTRAINT "product_variants_product_id_fkey" FOREIGN KEY (product_id) REFERENCES products(id) ON DELETE CASCADE NOT DEFERRABLE;

ALTER TABLE ONLY "public"."products" ADD CONSTRAINT "products_special_fkey" FOREIGN KEY (special) REFERENCES special(id) NOT DEFERRABLE;

ALTER TABLE ONLY "public"."reviews" ADD CONSTRAINT "reviews_product_id_fkey" FOREIGN KEY (product_id) REFERENCES products(id) NOT DEFERRABLE;
ALTER TABLE ONLY "public"."reviews" ADD CONSTRAINT "reviews_sender_id_fkey" FOREIGN KEY (sender_id) REFERENCES users(id) NOT DEFERRABLE;

ALTER TABLE ONLY "public"."shippings" ADD CONSTRAINT "shippings_user_id_fkey" FOREIGN KEY (user_id) REFERENCES users(id) NOT DEFERRABLE;

-- 2025-06-03 21:23:11.934375+00
